Timestamp,Station_Name,Longitude,Latitude,Address,Distance_km,ETA_min,Suburb_Location_Lat,Suburb_Location_Lon
2025-04-18T16:14:12.396724,bp pulse,144.898079,-37.534418,"470 Donnybrook Road, Melbourne, VIC, 3064",10.55,14.97,-37.5442344,145.0076408
2025-04-18T16:14:14.253085,JOLT,145.041063,-37.948561,"493A Highett Road, Melbourne, VIC, 3190",4.75,8.03,-37.9706564,145.0212822
2025-04-18T16:14:16.642498,ChargeFox,145.111046,-37.844412,"7 Uganda Street, Melbourne, VIC, 3125",0.89,1.58,-37.8374349,145.1115353
2025-04-18T16:14:17.908642,Evie,144.572248,-37.722813,"201 Exford Road, Weir Views, VIC, 3338",10.99,12.88,-37.7917062,144.5494853
2025-04-18T16:14:20.672654,ChargeFox,145.279866,-37.79692,"4-16 Devon Street, Melbourne, VIC, 3136",1.95,4.4,-37.7955004,145.2801507
2025-04-18T16:14:22.720525,bp pulse,144.993801,-37.647825,"1 Scanlon Drive, Melbourne, VIC, 3076",6.77,10.4,-37.6362329,145.0265708
2025-04-18T16:14:24.947959,bp pulse,144.739608,-37.756332,"Western Highway, Caroline Springs Boulevard, Melbourne, VIC, 3023",3,5.25,-37.7340623,144.7370017
2025-04-18T16:14:26.650512,Evie,145.115953,-38.054794,"8 Swansea Road, Melbourne, VIC, 3196",1.34,4.47,-38.0497386,145.121407
2025-04-18T16:14:27.874631,ChargeFox,144.726621,-37.581337,"106-112 Evans Street, Sunbury, VIC, 3429",0.3,2.27,-37.5791363,144.7279832
2025-04-18T16:14:29.895592,ChargeFox,145.281708,-38.107852,"125 High Street, Melbourne, VIC, 3977",4.26,9.08,-38.1199326,145.3182716
2025-04-18T16:14:32.589600,Evie,144.922268,-37.676814,"1177-1183 Pascoe Vale Road, Melbourne, VIC, 3047",2.5,5.98,-37.6694522,144.9350241
2025-04-18T16:14:36.144309,Evie,144.572248,-37.722813,"201 Exford Road, Weir Views, VIC, 3338",10.08,11.43,-37.7934621,144.5595902
2025-04-18T16:14:37.869652,Evie,145.115953,-38.054794,"8 Swansea Road, Melbourne, VIC, 3196",7.01,13.15,-38.0102322,145.0929673
2025-04-18T16:14:39.130175,Evie,144.572248,-37.722813,"201 Exford Road, Weir Views, VIC, 3338",1.9,3.35,-37.7323715,144.5708942
2025-04-18T16:14:41.566787,AmpCharge,144.755443,-37.694021,"575 Melton Highway, Melbourne, VIC, 3037",2.15,3.87,-37.6997223,144.7653295
2025-04-18T16:14:44.303190,ChargeFox,145.102382,-37.70228,"25 Main Street, Melbourne, VIC, 3088",2.7,7.18,-37.7037383,145.1079105
2025-04-18T16:14:46.267188,ChargeFox,144.920987,-37.723624,"563 Pascoe Vale Road, Melbourne, VIC, 3044",0.91,3.33,-37.7180181,144.9215041
2025-04-18T16:14:48.582939,ChargeFox,145.134114,-37.91447,"26 Ancora Imparo Way, Melbourne, VIC, 3168",1.06,3.77,-37.9133914,145.1301259
2025-04-18T16:14:50.314143,Evie,145.086085,-37.91024,"206 Warrigal Road, Melbourne, VIC, 3167",2.39,5.72,-37.9248257,145.0921745
2025-04-18T16:14:52.837191,EVUp,145.279595,-38.087022,"1063 South Gippsland Highway, Melbourne, VIC, 3977",2.88,5.28,-38.102184,145.2949057
2025-04-18T16:14:54.562387,bp pulse,145.223135,-37.97077,"Stud Road, Melbourne, VIC, 3175",2.54,6.63,-37.98749,145.2147923
2025-04-18T16:14:56.561248,ChargeFox,145.135069,-38.151687,"47-49 Moorooduc Hwy, Melbourne, VIC, 3199",1.73,4.88,-38.150925,145.142239
2025-04-18T16:14:58.751668,Evie,144.772413,-37.784565,"20 Mount Derrimut Road, Melbourne, VIC, 3026",2.54,5.88,-37.7686602,144.7713077
2025-04-18T16:15:00.753890,Exploren,145.128142,-37.786351,"6 Tower Street, Melbourne, VIC, 3108",2.98,8.1,-37.7726251,145.1131159
2025-04-18T16:15:03.066958,Evie,144.922268,-37.676814,"1177-1183 Pascoe Vale Road, Melbourne, VIC, 3047",1.86,4.92,-37.6750485,144.9242188
2025-04-18T16:15:03.813317,bp pulse,144.898079,-37.534418,"470 Donnybrook Road, Melbourne, VIC, 3064",10.74,15.92,-37.5432106,145.0085889
2025-04-18T16:15:06.367821,ChargeFox,144.827103,-37.832834,"494 Grieve Parade, Melbourne, VIC, 3025",1.27,6.42,-37.8378229,144.8342853
2025-04-18T16:15:08.370313,AmpCharge,145.073586,-37.659606,"377 Plenty Road, Melbourne, VIC, 3082",7.45,11.62,-37.6146532,145.0933095
2025-04-18T16:15:10.721421,ChargeFox,144.972123,-37.776348,"126 Weston Street, Melbourne, VIC, 3057",1.7,5.2,-37.7688802,144.9776825
2025-04-18T16:15:12.973497,bp pulse,144.739608,-37.756332,"Western Highway, Caroline Springs Boulevard, Melbourne, VIC, 3023",0.99,2.22,-37.7481414,144.739508
2025-04-18T16:15:14.178384,bp pulse,144.898079,-37.534418,"470 Donnybrook Road, Melbourne, VIC, 3064",1.92,5.28,-37.5344793,144.9120372
2025-04-18T16:15:16.170440,bp pulse,144.993801,-37.647825,"1 Scanlon Drive, Melbourne, VIC, 3076",5.88,8.92,-37.627671,145.0254821
2025-04-18T16:15:18.443508,bp pulse,144.993801,-37.647825,"1 Scanlon Drive, Melbourne, VIC, 3076",11.47,12.58,-37.5902461,144.9342136
2025-04-18T16:15:20.723740,ChargeFox,145.1645,-37.87535,"227-235 Springvale Road, Glen Waverley, VIC, 3150",3.97,7.43,-37.8758579,145.1284529
2025-04-18T16:15:22.473159,ChargeFox,144.948657,-37.825561,"20 Convention Centre Place, Melbourne, VIC, 3006",1.83,6.67,-37.83344,144.9570533
2025-04-18T16:15:24.195594,ChargeFox,145.09544,-37.849666,"238 Warrigal Road, Melbourne, VIC, 3124",3.02,6.77,-37.8384623,145.0740767
2025-04-18T16:15:27.638787,Evie,144.782132,-37.696554,"410 Melton Highway, Melbourne, VIC, 3038",2.69,6.7,-37.7092585,144.7872516
2025-04-18T16:15:29.353021,JOLT,145.041063,-37.948561,"493A Highett Road, Melbourne, VIC, 3190",3.13,6.95,-37.9670081,145.0546951
2025-04-18T16:15:31.296155,ChargeFox,145.029635,-37.855584,"290 Glenferrie Road, Melbourne, VIC, 3144",0.65,1.7,-37.8576088,145.0350666
2025-04-18T16:15:33.161350,AmpCharge,145.18242,-37.99514,"248 Cheltenham Road, Melbourne, VIC, 3173",1.75,5.75,-38.0067519,145.1779706
2025-04-18T16:15:35.832982,Evie,145.312048,-37.76114,"246A Maroondah Highway, Melbourne, VIC, 3116",3.86,6.28,-37.7571582,145.3458656
2025-04-18T16:15:38.047997,ChargeFox,145.281708,-38.107852,"125 High Street, Melbourne, VIC, 3977",0.72,2.2,-38.1087492,145.2895959
2025-04-18T16:15:40.523427,ChargeFox,144.614101,-37.909729,"104 Shipwright Parade, Melbourne, VIC, 3030",9.03,15.02,-37.850401,144.5882783
2025-04-18T16:15:42.524699,ChargeFox,144.81576,-37.760585,"145 Furlong Road, Melbourne, VIC, 3021",1.01,2.6,-37.764834,144.8219857
2025-04-18T16:15:44.500111,ChargeFox,145.043373,-37.876528,"11 Princes Avenue, Melbourne, VIC, 3145",2.98,8.35,-37.8709314,145.0193037
2025-04-18T16:15:46.583016,bp pulse,144.993801,-37.647825,"1 Scanlon Drive, Melbourne, VIC, 3076",5.64,9.13,-37.6303914,145.0273223
2025-04-18T16:15:50.468666,Evie,144.789634,-37.792922,"475 Fitzgerald Road, Melbourne, VIC, 3020",2.79,6.28,-37.7983442,144.8110919
2025-04-18T16:15:52.495115,AmpCharge,145.073586,-37.659606,"377 Plenty Road, Melbourne, VIC, 3082",7.37,11.27,-37.6132253,145.0980154
2025-04-18T16:15:55.692634,Evie,145.115953,-38.054794,"8 Swansea Road, Melbourne, VIC, 3196",8.27,14.83,-38.0021533,145.0974829
2025-04-18T16:15:58.175222,ChargeFox,145.120516,-37.817982,"1 Main Street, Melbourne, VIC, 3128",3.11,7.67,-37.8171289,145.0949242
2025-04-18T16:16:01.822705,ChargeFox,145.06833,-37.759487,"451 Lower Heidelberg Road, Melbourne, VIC, 3084",1.2,4.18,-37.7524788,145.0701284
2025-04-18T16:16:03.069518,Evie,144.572248,-37.722813,"201 Exford Road, Weir Views, VIC, 3338",10.9,13,-37.7924237,144.5498933
2025-04-18T16:16:05.128625,Evie,144.789634,-37.792922,"475 Fitzgerald Road, Melbourne, VIC, 3020",7.31,7.62,-37.7987978,144.776051
2025-04-18T16:16:07.356579,ChargeFox,145.111046,-37.844412,"7 Uganda Street, Melbourne, VIC, 3125",2.16,4.45,-37.8366236,145.1233644
2025-04-18T16:16:09.343839,bp pulse,145.25378,-37.798928,"420 Maroondah Highway, Melbourne, VIC, 3134",4.18,10.45,-37.8158726,145.2291113
2025-04-18T16:16:12.049045,EVUp,145.279595,-38.087022,"1063 South Gippsland Highway, Melbourne, VIC, 3977",2.07,4.48,-38.0997308,145.2807256
2025-04-18T16:16:14.280207,ChargeFox,145.124142,-38.139738,"15 Beach Street, Melbourne, VIC, 3199",4.86,8.12,-38.170954,145.0972517
2025-04-18T16:16:16.758326,ChargeFox,144.662341,-37.901958,"22 Synnot Street, Melbourne, VIC, 3030",1.02,3.63,-37.9047634,144.6530424
2025-04-18T16:16:18.704060,Exploren,144.721417,-37.819155,"1 Everton Road, Melbourne, VIC, 3029",1.35,2.58,-37.8237397,144.7132186
2025-04-18T16:16:20.916091,ChargeFox,144.961488,-37.718971,"11 Boundary Road, Melbourne, VIC, 3046",2.1,8.22,-37.7146535,144.9605402
2025-04-18T16:16:23.227400,JOLT,145.041063,-37.948561,"493A Highett Road, Melbourne, VIC, 3190",4.34,8.77,-37.9381127,145.0014764
2025-04-18T16:16:24.458877,Evie,144.572248,-37.722813,"201 Exford Road, Weir Views, VIC, 3338",11.12,13.5,-37.792199,144.5486025
2025-04-18T16:16:26.827118,Evie,145.24882,-38.005187,"125 Princes Highway, Melbourne, VIC, 3175",9.77,11.62,-38.0097571,145.326648
2025-04-18T16:16:29.965399,ChargeFox,145.054954,-37.720185,"Ring Road, Melbourne, VIC, 3083",3.6,7.63,-37.6982468,145.0596757
2025-04-18T16:16:33.788399,ChargeFox,144.885528,-37.713652,"29-35 Louis Street, Airport West, VIC, 3042",1.56,4.88,-37.7222576,144.8834942
2025-04-18T16:16:35.493157,Evie,144.993264,-37.804475,"7-11 Stanton Street, Melbourne, VIC, 3067",0.82,3.65,-37.80745,144.9907213
2025-04-18T16:16:37.218967,Exploren,144.721417,-37.819155,"1 Everton Road, Melbourne, VIC, 3029",5.35,9.7,-37.8321522,144.69462
2025-04-18T16:16:40.959501,ChargeFox,145.142444,-37.72293,"40 Brougham Street, Melbourne, VIC, 3095",6.46,11.68,-37.732231,145.1014989
2025-04-18T16:16:42.924084,ChargeFox,144.930032,-37.83076,"481 Plummer Street, Melbourne, VIC, 3207",1.66,4.53,-37.8245644,144.922933
2025-04-18T16:16:45.170369,Evie,145.24882,-38.005187,"125 Princes Highway, Melbourne, VIC, 3175",6.13,9.32,-38.0266156,145.3045626
2025-04-18T16:16:46.878523,ChargeFox,145.034439,-37.820942,"1 Grace Street, Melbourne, VIC, 3122",0.79,3.43,-37.8244246,145.0317207
2025-04-18T16:16:47.849359,Evie,145.191942,-38.308363,"34 King Street, Hastings, VIC, 3915",0.93,4.32,-38.3056058,145.1859934
2025-04-18T16:16:49.572230,ChargeFox,145.18965,-37.936361,"271 Police Road, Melbourne, VIC, 3170",5.42,11.43,-37.9503548,145.1665966
2025-04-18T16:16:53.719646,bp pulse,145.223135,-37.97077,"Stud Road, Melbourne, VIC, 3175",2.55,7.23,-37.9558319,145.2143234
2025-04-18T16:16:55.434539,Evie,145.312048,-37.76114,"246A Maroondah Highway, Melbourne, VIC, 3116",8.84,11.45,-37.7291014,145.378424
2025-04-18T16:16:57.795162,AmpCharge,145.296273,-37.823223,"Gatwick Rd, Melbourne, VIC, 3153",3.1,6.33,-37.8315054,145.3110008
2025-04-18T16:17:01.047135,Evie,144.915231,-37.772574,"66 The Parade, Melbourne, VIC, 3032",0.75,2.38,-37.7753252,144.921825
2025-04-18T16:17:03.340792,Evie,145.115953,-38.054794,"8 Swansea Road, Melbourne, VIC, 3196",6.18,10.92,-38.0761008,145.1472438
2025-04-18T16:17:04.664255,Evie,144.572248,-37.722813,"201 Exford Road, Weir Views, VIC, 3338",10.8,12.67,-37.793821,144.5506713
2025-04-18T16:17:06.999164,Evie,144.922268,-37.676814,"1177-1183 Pascoe Vale Road, Melbourne, VIC, 3047",5.29,9,-37.6381563,144.9353302
2025-04-18T16:17:09.015879,ChargeFox,145.029635,-37.855584,"290 Glenferrie Road, Melbourne, VIC, 3144",1.19,4.58,-37.8563442,145.0193207
2025-04-18T16:17:12.514240,ChargeFox,145.085511,-37.887755,"1341 Princes Highway, Melbourne, VIC, 3145",2.22,5.82,-37.8822799,145.1001365
2025-04-18T16:17:15.011364,ChargeFox,145.24502,-37.871707,"511 Burwood Highway, Melbourne, VIC, 3152",4.08,7,-37.8688729,145.2126338
2025-04-18T16:17:17.734522,ChargeFox,144.599737,-37.715307,"Bridge Rd, Cobblebank, VIC, 3338",0.84,4.08,-37.7125512,144.6040773
2025-04-18T16:17:18.717581,Evie,145.613177,-37.780958,"1-3 Park Road, Yarra Junction, VIC, 3797",0.26,1.52,-37.7821693,145.6150255
2025-04-18T16:17:20.745672,Evie,144.922268,-37.676814,"1177-1183 Pascoe Vale Road, Melbourne, VIC, 3047",5.44,10.47,-37.6641298,144.959583
2025-04-18T16:17:22.711588,ChargeFox,144.930032,-37.83076,"481 Plummer Street, Melbourne, VIC, 3207",1.11,3.73,-37.8333613,144.9219203
2025-04-18T16:17:25.250356,ChargeFox,145.165797,-37.673698,"129-163 Main Hurstbridge Road, Melbourne, VIC, 3089",1.22,2.85,-37.6733272,145.1588075
2025-04-18T16:17:30.846647,ChargeFox,144.662341,-37.901958,"22 Synnot Street, Melbourne, VIC, 3030",6.14,10.45,-37.8800365,144.6170498
2025-04-18T16:17:33.347124,AmpCharge,144.80928,-37.846491,"1 Horsburgh Drive, Melbourne, VIC, 3025",4.17,7.82,-37.8671503,144.8294637
2025-04-18T16:17:35.332806,ChargeFox,145.011346,-37.812423,"620 Victoria Street, Melbourne, VIC, 3121",2.18,5.25,-37.8191777,145.0167539
2025-04-18T16:17:37.335759,Evie,144.782132,-37.696554,"410 Melton Highway, Melbourne, VIC, 3038",4.59,7.28,-37.7062908,144.8039161
2025-04-18T16:17:39.563002,Evie,144.922268,-37.676814,"1177-1183 Pascoe Vale Road, Melbourne, VIC, 3047",1.35,3.7,-37.6804576,144.9123982
2025-04-18T16:17:41.633334,bp pulse,144.993801,-37.647825,"1 Scanlon Drive, Melbourne, VIC, 3076",5.33,8.35,-37.6245646,145.0136597
2025-04-18T16:17:45.353258,Evie,144.922268,-37.676814,"1177-1183 Pascoe Vale Road, Melbourne, VIC, 3047",1.69,4.88,-37.6730847,144.9282577
2025-04-18T16:17:47.659787,bp pulse,144.993801,-37.647825,"1 Scanlon Drive, Melbourne, VIC, 3076",12.32,14.23,-37.603329,144.9253134
2025-04-18T16:17:50.179015,ChargeFox,144.662341,-37.901958,"22 Synnot Street, Melbourne, VIC, 3030",2.26,4.7,-37.907984,144.6416748
2025-04-18T16:17:53.140725,ChargeFox,144.961488,-37.718971,"11 Boundary Road, Melbourne, VIC, 3046",1.35,5.35,-37.7272635,144.9678538
2025-04-18T16:17:55.026724,bp pulse,144.827641,-38.371404,"Point Nepean Road, Rye, VIC, 3941",2.92,6.2,-38.3821684,144.8099264
2025-04-18T16:17:57.267539,Evie,145.256979,-38.051221,"75S Lynbrook Boulevard, Melbourne, VIC, 3975",1.13,2.85,-38.0558639,145.2561128
2025-04-18T16:17:59.735744,ChargeFox,144.962027,-37.771481,"1 David Street, Melbourne, VIC, 3056",0.71,4.15,-37.7664715,144.9613103
2025-04-18T16:18:01.730159,ChargeFox,145.044897,-37.719093,"Kingsbury Drive, Melbourne, VIC, 3083",2.49,5.67,-37.7200123,145.0271063
2025-04-18T16:18:04.413662,ChargeFox,145.044897,-37.719093,"Kingsbury Drive, Melbourne, VIC, 3083",0.58,3.53,-37.720574,145.047976
2025-04-18T16:18:05.644989,Evie,144.572248,-37.722813,"201 Exford Road, Weir Views, VIC, 3338",9.87,13.65,-37.7821653,144.5503709
2025-04-18T16:18:08.234098,ChargeFox,144.969698,-37.740691,"90 Bell Street, Melbourne, VIC, 3058",0.98,4.23,-37.7449752,144.9643314
2025-04-18T16:18:10.682326,ChargeFox,145.165797,-37.673698,"129-163 Main Hurstbridge Road, Melbourne, VIC, 3089",1.22,2.85,-37.6733272,145.1588075
2025-04-18T16:18:12.746304,ChargeFox,144.885528,-37.713652,"29-35 Louis Street, Airport West, VIC, 3042",2.79,6.58,-37.7000743,144.8908894
2025-04-18T16:18:15.013231,AmpCharge,145.073586,-37.659606,"377 Plenty Road, Melbourne, VIC, 3082",5.51,9.37,-37.6403391,145.084278
2025-04-18T16:18:16.954607,ChargeFox,145.1645,-37.87535,"227-235 Springvale Road, Glen Waverley, VIC, 3150",0.92,4.47,-37.8795908,145.1622405
2025-04-18T16:18:18.672055,AmpCharge,145.18242,-37.99514,"248 Cheltenham Road, Melbourne, VIC, 3173",2.59,5.98,-38.0053607,145.1674069
2025-04-18T16:18:20.969915,ChargeFox,144.662341,-37.901958,"22 Synnot Street, Melbourne, VIC, 3030",4.17,7.3,-37.8958126,144.6304628
2025-04-18T16:18:22.932732,bp pulse,144.993801,-37.647825,"1 Scanlon Drive, Melbourne, VIC, 3076",3.55,7.37,-37.6523847,145.0315487
2025-04-18T16:18:25.111173,Evie,145.003594,-37.906279,"47 Willansby Avenue, Melbourne, VIC, 3186",1.04,3.4,-37.9081962,144.9957991
2025-04-18T16:18:28.808511,ChargeFox,145.135069,-38.151687,"47-49 Moorooduc Hwy, Melbourne, VIC, 3199",5.88,9.2,-38.1353489,145.1666795
2025-04-18T16:18:30.993413,Exploren,145.469606,-37.660015,"313 Healesville Yarra Glen Road, Healesville, VIC, 3777",2.45,3.8,-37.6635261,145.4817549
2025-04-18T16:18:33.243738,Evie,144.922268,-37.676814,"1177-1183 Pascoe Vale Road, Melbourne, VIC, 3047",4.04,6.92,-37.6601922,144.9408062
2025-04-18T16:18:35.174217,ChargeFox,144.81576,-37.760585,"145 Furlong Road, Melbourne, VIC, 3021",1.39,2.88,-37.7639651,144.8287004
2025-04-18T16:18:47.064239,bp pulse,144.739608,-37.756332,"Western Highway, Caroline Springs Boulevard, Melbourne, VIC, 3023",3.4,6.37,-37.7326399,144.733868
2025-04-18T16:18:48.295634,Evie,144.572248,-37.722813,"201 Exford Road, Weir Views, VIC, 3338",10.73,12.9,-37.7852115,144.5605697
2025-04-18T16:18:49.897856,Evie,144.572248,-37.722813,"201 Exford Road, Weir Views, VIC, 3338",10.61,12.72,-37.787905,144.5592084
2025-04-18T16:18:51.652027,ChargeFox,144.959594,-37.815888,"501 Bourke Street, Melbourne, VIC, 3000",0.4,2.17,-37.8142454,144.9631732
2025-04-18T16:18:52.873835,Evie,144.572248,-37.722813,"201 Exford Road, Weir Views, VIC, 3338",11.17,16.4,-37.7853138,144.5406661
2025-04-18T16:18:58.015993,Evie,145.213897,-37.831918,"401 Canterbury Road, Melbourne, VIC, 3134",1.11,4.05,-37.8379885,145.2121845
2025-04-18T16:19:01.682777,ChargeFox,144.827103,-37.832834,"494 Grieve Parade, Melbourne, VIC, 3025",3.59,6.85,-37.8119107,144.8154073
2025-04-18T16:19:03.371215,ChargeFox,145.342013,-38.093164,"Matterhorn Dr, Melbourne, VIC, 3978",2.77,4.05,-38.1028681,145.3302814
2025-04-18T16:19:05.790203,AmpCharge,145.23639,-37.90804,"940 Stud Road, Melbourne, VIC, 3178",2.63,4.22,-37.9239267,145.2447672
2025-04-18T16:19:07.012401,Evie,144.572248,-37.722813,"201 Exford Road, Weir Views, VIC, 3338",10.44,11.97,-37.7884948,144.5582739
2025-04-18T16:19:09.207595,ChargeFox,145.077222,-37.862501,"2 Marquis Street, Melbourne, VIC, 3147",2.44,5.9,-37.876835,145.0658739
2025-04-18T16:19:11.221037,Evie,144.782132,-37.696554,"410 Melton Highway, Melbourne, VIC, 3038",6.06,6.67,-37.7205762,144.8047614
2025-04-18T16:19:13.135249,Evie,144.737043,-38.338561,"860 Melbourne Road, Sorrento, VIC, 3943",1.49,5.25,-38.3363033,144.7453366
2025-04-18T16:19:15.376077,AmpCharge,145.073586,-37.659606,"377 Plenty Road, Melbourne, VIC, 3082",10.74,17.57,-37.5979507,145.0753657
2025-04-18T16:19:17.803273,bp pulse,145.264097,-38.110217,"1025 Cranbourne Frankston Road, Melbourne, VIC, 3977",2.28,6.93,-38.102241,145.2517182
2025-04-18T16:19:19.733700,ChargeFox,144.81576,-37.760585,"145 Furlong Road, Melbourne, VIC, 3021",1.44,3.98,-37.766817,144.8245105
2025-04-18T16:19:21.085086,Evie,144.729187,-37.581831,"98-122 O'Shanassy Street, Sunbury, VIC, 3429",1.51,3.88,-37.5772947,144.7161349
2025-04-18T16:19:23.301609,ChargeFox,145.135069,-38.151687,"47-49 Moorooduc Hwy, Melbourne, VIC, 3199",5.14,7.57,-38.1379689,145.1628252
2025-04-18T16:19:25.528849,ChargeFox,145.18965,-37.936361,"271 Police Road, Melbourne, VIC, 3170",1.88,5.02,-37.9359053,145.2051222
2025-04-18T16:19:27.980305,ChargeFox,144.749907,-37.691938,"1-15 Banchory Avenue, Melbourne, VIC, 3037",10.7,17.08,-37.705345,144.6794568
2025-04-18T16:19:29.922156,Evie,145.003594,-37.906279,"47 Willansby Avenue, Melbourne, VIC, 3186",2.15,5.23,-37.9171728,145.0163663
2025-04-18T16:19:32.151104,Evie,144.89418,-37.802342,"38 Raleigh Street, Melbourne, VIC, 3011",1.76,4.05,-37.8054508,144.879879
2025-04-18T16:19:33.886144,bp pulse,144.993801,-37.647825,"1 Scanlon Drive, Melbourne, VIC, 3076",5.31,9.53,-37.6755673,144.9898056
2025-04-18T16:19:36.099622,ChargeFox,145.120516,-37.817982,"1 Main Street, Melbourne, VIC, 3128",2.03,6.27,-37.8148997,145.1062282
2025-04-18T16:19:37.815595,JOLT,145.041063,-37.948561,"493A Highett Road, Melbourne, VIC, 3190",4.17,7.37,-37.9502592,145.0043868
2025-04-18T16:19:40.028674,ChargeFox,144.614101,-37.909729,"104 Shipwright Parade, Melbourne, VIC, 3030",0.56,2.5,-37.9110402,144.6113082
2025-04-18T16:19:42.712440,JOLT,145.337862,-38.059639,"288-296 Clyde Road, Melbourne, VIC, 3806",3.55,8.35,-38.0398297,145.3451089
2025-04-18T16:19:44.691509,ChargeFox,145.044897,-37.719093,"Kingsbury Drive, Melbourne, VIC, 3083",2.79,6.47,-37.718862,145.0231115
2025-04-18T16:19:46.886639,ChargeFox,145.142444,-37.72293,"40 Brougham Street, Melbourne, VIC, 3095",1.71,4.83,-37.713736,145.147673
2025-04-18T16:19:49.707175,AmpCharge,145.296273,-37.823223,"Gatwick Rd, Melbourne, VIC, 3153",5.46,7.4,-37.8054372,145.3280915
2025-04-18T16:19:52.133627,ChargeFox,145.124142,-38.139738,"15 Beach Street, Melbourne, VIC, 3199",8.39,11.57,-38.1003312,145.1788657
2025-04-18T16:19:54.080124,Evie,144.993264,-37.804475,"7-11 Stanton Street, Melbourne, VIC, 3067",0.67,4.02,-37.8045508,144.9988542
2025-04-18T16:29:55.525420,bp pulse,144.898079,-37.534418,"470 Donnybrook Road, Melbourne, VIC, 3064",10.55,15.02,-37.5442344,145.0076408
2025-04-18T16:29:58.181829,JOLT,145.017458,-37.975499,"588 Balcombe Road, Melbourne, VIC, 3193",1.02,2.4,-37.9706564,145.0212822
2025-04-18T16:30:01.168940,ChargeFox,145.111046,-37.844412,"7 Uganda Street, Melbourne, VIC, 3125",0.89,1.58,-37.8374349,145.1115353
2025-04-18T16:30:02.628883,ChargeFox,144.599737,-37.715307,"Bridge Rd, Cobblebank, VIC, 3338",14.29,16.98,-37.7917062,144.5494853
2025-04-18T16:30:05.672281,ChargeFox,145.279866,-37.79692,"4-16 Devon Street, Melbourne, VIC, 3136",1.95,4.38,-37.7955004,145.2801507
2025-04-18T16:30:07.750933,bp pulse,144.993801,-37.647825,"1 Scanlon Drive, Melbourne, VIC, 3076",6.77,10.47,-37.6362329,145.0265708
2025-04-18T16:30:09.995189,bp pulse,144.739608,-37.756332,"Western Highway, Caroline Springs Boulevard, Melbourne, VIC, 3023",3,5.3,-37.7340623,144.7370017
2025-04-18T16:30:11.677193,Evie,145.115953,-38.054794,"8 Swansea Road, Melbourne, VIC, 3196",1.34,4.52,-38.0497386,145.121407
2025-04-18T16:30:12.986228,ChargeFox,144.726621,-37.581337,"106-112 Evans Street, Sunbury, VIC, 3429",0.3,2.27,-37.5791363,144.7279832
2025-04-18T16:30:14.934609,ChargeFox,145.281708,-38.107852,"125 High Street, Melbourne, VIC, 3977",4.26,9.05,-38.1199326,145.3182716
2025-04-18T16:30:17.176264,Evie,144.922268,-37.676814,"1177-1183 Pascoe Vale Road, Melbourne, VIC, 3047",2.5,5.93,-37.6694522,144.9350241
2025-04-18T16:30:18.890449,AmpCharge,145.166811,-37.941731,"754-768 Princes Highway, Melbourne, VIC, 3171",6.67,11.83,-37.9623312,145.1346687
2025-04-18T16:30:19.615490,Evie,145.118395,-37.510615,"74 Church Street, Whittlesea, VIC, 3757",0.96,1.85,-37.5121301,145.1177321
2025-04-18T16:30:21.205698,Evie,144.572248,-37.722813,"201 Exford Road, Weir Views, VIC, 3338",10.08,11.43,-37.7934621,144.5595902
2025-04-18T16:30:22.936359,Evie,145.115953,-38.054794,"8 Swansea Road, Melbourne, VIC, 3196",7.01,13.3,-38.0102322,145.0929673
2025-04-18T16:30:24.614696,Evie,144.572248,-37.722813,"201 Exford Road, Weir Views, VIC, 3338",1.9,3.35,-37.7323715,144.5708942
2025-04-18T16:30:27.097148,AmpCharge,144.755443,-37.694021,"575 Melton Highway, Melbourne, VIC, 3037",2.15,3.87,-37.6997223,144.7653295
2025-04-18T16:30:27.858345,Evie,145.118395,-37.510615,"74 Church Street, Whittlesea, VIC, 3757",5.1,4.95,-37.4927455,145.1572676
2025-04-18T16:30:30.086379,ChargeFox,145.102382,-37.70228,"25 Main Street, Melbourne, VIC, 3088",2.7,7.22,-37.7037383,145.1079105
2025-04-18T16:30:32.127524,ChargeFox,144.920987,-37.723624,"563 Pascoe Vale Road, Melbourne, VIC, 3044",0.91,3.38,-37.7180181,144.9215041
2025-04-18T16:30:34.407899,ChargeFox,145.134114,-37.91447,"26 Ancora Imparo Way, Melbourne, VIC, 3168",1.06,3.78,-37.9133914,145.1301259
2025-04-18T16:30:36.128257,Evie,145.086085,-37.91024,"206 Warrigal Road, Melbourne, VIC, 3167",2.39,5.8,-37.9248257,145.0921745
2025-04-18T16:30:38.572175,EVUp,145.279595,-38.087022,"1063 South Gippsland Highway, Melbourne, VIC, 3977",2.88,5.3,-38.102184,145.2949057
2025-04-18T16:30:40.366870,Evie,145.223892,-37.97132,"158-164 Stud Road, Melbourne, VIC, 3175",2.89,7.33,-37.98749,145.2147923
2025-04-18T16:30:42.373267,ChargeFox,145.135069,-38.151687,"47-49 Moorooduc Hwy, Melbourne, VIC, 3199",1.73,5.17,-38.150925,145.142239
2025-04-18T16:30:44.577112,Evie,144.772413,-37.784565,"20 Mount Derrimut Road, Melbourne, VIC, 3026",2.54,5.53,-37.7686602,144.7713077
2025-04-18T16:30:46.541692,Exploren,145.128142,-37.786351,"6 Tower Street, Melbourne, VIC, 3108",2.98,8.15,-37.7726251,145.1131159
2025-04-18T16:30:48.751640,Evie,144.922268,-37.676814,"1177-1183 Pascoe Vale Road, Melbourne, VIC, 3047",1.86,4.92,-37.6750485,144.9242188
2025-04-18T16:30:49.499650,bp pulse,144.898079,-37.534418,"470 Donnybrook Road, Melbourne, VIC, 3064",10.74,15.97,-37.5432106,145.0085889
2025-04-18T16:30:52.058879,ChargeFox,144.827103,-37.832834,"494 Grieve Parade, Melbourne, VIC, 3025",1.27,6.43,-37.8378229,144.8342853
2025-04-18T16:30:54.137636,AmpCharge,145.073586,-37.659606,"377 Plenty Road, Melbourne, VIC, 3082",7.45,11.67,-37.6146532,145.0933095
2025-04-18T16:30:56.375984,ChargeFox,144.972123,-37.776348,"126 Weston Street, Melbourne, VIC, 3057",1.7,5.2,-37.7688802,144.9776825
2025-04-18T16:30:58.615758,bp pulse,144.739608,-37.756332,"Western Highway, Caroline Springs Boulevard, Melbourne, VIC, 3023",0.99,2.23,-37.7481414,144.739508
2025-04-18T16:30:59.834618,bp pulse,144.898079,-37.534418,"470 Donnybrook Road, Melbourne, VIC, 3064",1.92,5.28,-37.5344793,144.9120372
2025-04-18T16:31:01.916794,bp pulse,144.993801,-37.647825,"1 Scanlon Drive, Melbourne, VIC, 3076",5.88,8.95,-37.627671,145.0254821
2025-04-18T16:31:04.257633,bp pulse,144.993801,-37.647825,"1 Scanlon Drive, Melbourne, VIC, 3076",11.47,12.6,-37.5902461,144.9342136
2025-04-18T16:31:06.543718,ChargeFox,145.1645,-37.87535,"227-235 Springvale Road, Glen Waverley, VIC, 3150",3.97,7.48,-37.8758579,145.1284529
2025-04-18T16:31:08.259382,ChargeFox,144.948657,-37.825561,"20 Convention Centre Place, Melbourne, VIC, 3006",1.83,6.72,-37.83344,144.9570533
2025-04-18T16:31:09.979075,ChargeFox,145.09544,-37.849666,"238 Warrigal Road, Melbourne, VIC, 3124",3.02,6.77,-37.8384623,145.0740767
2025-04-18T16:31:14.070338,Evie,144.782132,-37.696554,"410 Melton Highway, Melbourne, VIC, 3038",2.69,6.7,-37.7092585,144.7872516
2025-04-18T16:31:16.104633,JOLT,145.041463,-37.956312,"322 Bay Road, Melbourne, VIC, 3192",2.26,5.13,-37.9670081,145.0546951
2025-04-18T16:31:18.046487,ChargeFox,145.029635,-37.855584,"290 Glenferrie Road, Melbourne, VIC, 3144",0.65,1.7,-37.8576088,145.0350666
2025-04-18T16:31:19.755396,AmpCharge,145.18242,-37.99514,"248 Cheltenham Road, Melbourne, VIC, 3173",1.75,5.73,-38.0067519,145.1779706
2025-04-18T16:31:22.601179,Evie,145.312048,-37.76114,"246A Maroondah Highway, Melbourne, VIC, 3116",3.86,6.3,-37.7571582,145.3458656
2025-04-18T16:31:25.743842,ChargeFox,145.281708,-38.107852,"125 High Street, Melbourne, VIC, 3977",0.72,2.2,-38.1087492,145.2895959
2025-04-18T16:31:28.706998,ChargeFox,144.614101,-37.909729,"104 Shipwright Parade, Melbourne, VIC, 3030",9.03,15.05,-37.850401,144.5882783
2025-04-18T16:31:30.926872,ChargeFox,144.81576,-37.760585,"145 Furlong Road, Melbourne, VIC, 3021",1.01,2.6,-37.764834,144.8219857
2025-04-18T16:31:33.141666,ChargeFox,145.022549,-37.880786,"Glen Eira Rd, Melbourne, VIC, 3162",1.84,4.58,-37.8709314,145.0193037
2025-04-18T16:31:35.197219,bp pulse,144.993801,-37.647825,"1 Scanlon Drive, Melbourne, VIC, 3076",5.64,9.15,-37.6303914,145.0273223
2025-04-18T16:31:39.010989,Evie,144.789634,-37.792922,"475 Fitzgerald Road, Melbourne, VIC, 3020",2.79,6.3,-37.7983442,144.8110919
2025-04-18T16:31:40.992033,AmpCharge,145.073586,-37.659606,"377 Plenty Road, Melbourne, VIC, 3082",7.37,11.3,-37.6132253,145.0980154
2025-04-18T16:31:44.193201,Evie,145.115953,-38.054794,"8 Swansea Road, Melbourne, VIC, 3196",8.27,14.95,-38.0021533,145.0974829
2025-04-18T16:31:46.516350,ChargeFox,145.12436,-37.822071,"Harrow St, Melbourne, VIC, 3128",3.21,8.27,-37.8171289,145.0949242
2025-04-18T16:31:50.633290,ChargeFox,145.06833,-37.759487,"451 Lower Heidelberg Road, Melbourne, VIC, 3084",1.2,4.18,-37.7524788,145.0701284
2025-04-18T16:31:51.903019,Evie,144.572248,-37.722813,"201 Exford Road, Weir Views, VIC, 3338",10.9,13,-37.7924237,144.5498933
2025-04-18T16:31:53.862441,Evie,144.789634,-37.792922,"475 Fitzgerald Road, Melbourne, VIC, 3020",7.31,7.6,-37.7987978,144.776051
2025-04-18T16:31:55.831691,ChargeFox,145.111046,-37.844412,"7 Uganda Street, Melbourne, VIC, 3125",2.16,4.48,-37.8366236,145.1233644
2025-04-18T16:31:57.843768,bp pulse,145.25378,-37.798928,"420 Maroondah Highway, Melbourne, VIC, 3134",3.75,10.48,-37.8158726,145.2291113
2025-04-18T16:32:00.447258,EVUp,145.279595,-38.087022,"1063 South Gippsland Highway, Melbourne, VIC, 3977",2.07,4.52,-38.0997308,145.2807256
2025-04-18T16:32:02.644411,ChargeFox,145.124142,-38.139738,"15 Beach Street, Melbourne, VIC, 3199",4.86,8.13,-38.170954,145.0972517
2025-04-18T16:32:05.123677,ChargeFox,144.662341,-37.901958,"22 Synnot Street, Melbourne, VIC, 3030",1.02,3.57,-37.9047634,144.6530424
2025-04-18T16:32:07.409941,Exploren,144.721417,-37.819155,"1 Everton Road, Melbourne, VIC, 3029",1.35,2.6,-37.8237397,144.7132186
2025-04-18T16:32:09.631169,ChargeFox,144.961488,-37.718971,"11 Boundary Road, Melbourne, VIC, 3046",2.1,8.18,-37.7146535,144.9605402
2025-04-18T16:32:11.860326,JOLT,145.041063,-37.948561,"493A Highett Road, Melbourne, VIC, 3190",4.34,8.78,-37.9381127,145.0014764
2025-04-18T16:32:13.106296,Evie,144.572248,-37.722813,"201 Exford Road, Weir Views, VIC, 3338",11.12,13.5,-37.792199,144.5486025
2025-04-18T16:32:15.114983,Evie,145.24882,-38.005187,"125 Princes Highway, Melbourne, VIC, 3175",9.77,11.45,-38.0097571,145.326648
2025-04-18T16:32:18.355946,ChargeFox,145.054954,-37.720185,"Ring Road, Melbourne, VIC, 3083",3.6,7.68,-37.6982468,145.0596757
2025-04-18T16:32:22.463870,ChargeFox,144.885528,-37.713652,"29-35 Louis Street, Airport West, VIC, 3042",1.56,4.88,-37.7222576,144.8834942
2025-04-18T16:32:24.171473,Evie,144.993264,-37.804475,"7-11 Stanton Street, Melbourne, VIC, 3067",0.82,3.67,-37.80745,144.9907213
2025-04-18T16:32:26.129749,ChargeFox,144.724294,-37.828926,"117 Alcock Road, Melbourne, VIC, 3029",3.62,8.18,-37.8321522,144.69462
2025-04-18T16:32:29.984258,ChargeFox,145.142444,-37.72293,"40 Brougham Street, Melbourne, VIC, 3095",6.46,11.78,-37.732231,145.1014989
2025-04-18T16:32:31.736817,ChargeFox,144.930032,-37.83076,"481 Plummer Street, Melbourne, VIC, 3207",1.66,4.52,-37.8245644,144.922933
2025-04-18T16:32:33.736794,Evie,145.24882,-38.005187,"125 Princes Highway, Melbourne, VIC, 3175",6.13,8.93,-38.0266156,145.3045626
2025-04-18T16:32:35.430732,ChargeFox,145.034439,-37.820942,"1 Grace Street, Melbourne, VIC, 3122",0.79,3.45,-37.8244246,145.0317207
2025-04-18T16:32:36.516731,Evie,145.191942,-38.308363,"34 King Street, Hastings, VIC, 3915",0.93,4.32,-38.3056058,145.1859934
2025-04-18T16:32:38.702148,ChargeFox,145.180072,-37.95286,"550 Princes Highway, Melbourne, VIC, 3174",3.22,7.73,-37.9503548,145.1665966
2025-04-18T16:32:39.453368,Evie,145.118395,-37.510615,"74 Church Street, Whittlesea, VIC, 3757",1.49,2.2,-37.5040691,145.1090152
2025-04-18T16:32:43.388879,bp pulse,145.223135,-37.97077,"Stud Road, Melbourne, VIC, 3175",2.55,7.23,-37.9558319,145.2143234
2025-04-18T16:32:45.223188,Evie,145.312048,-37.76114,"246A Maroondah Highway, Melbourne, VIC, 3116",8.84,11.45,-37.7291014,145.378424
2025-04-18T16:32:47.407951,AmpCharge,145.296273,-37.823223,"Gatwick Rd, Melbourne, VIC, 3153",3.1,6.33,-37.8315054,145.3110008
2025-04-18T16:32:50.531706,Evie,144.915231,-37.772574,"66 The Parade, Melbourne, VIC, 3032",0.75,2.38,-37.7753252,144.921825
2025-04-18T16:32:52.754446,Evie,145.115953,-38.054794,"8 Swansea Road, Melbourne, VIC, 3196",6.18,10.95,-38.0761008,145.1472438
2025-04-18T16:32:54.103967,Evie,144.572248,-37.722813,"201 Exford Road, Weir Views, VIC, 3338",10.8,12.68,-37.793821,144.5506713
2025-04-18T16:32:56.378703,Evie,144.922268,-37.676814,"1177-1183 Pascoe Vale Road, Melbourne, VIC, 3047",5.29,9.02,-37.6381563,144.9353302
2025-04-18T16:32:58.346803,ChargeFox,145.029635,-37.855584,"290 Glenferrie Road, Melbourne, VIC, 3144",1.19,4.52,-37.8563442,145.0193207
2025-04-18T16:33:01.868457,ChargeFox,145.085511,-37.887755,"1341 Princes Highway, Melbourne, VIC, 3145",2.22,5.9,-37.8822799,145.1001365
2025-04-18T16:33:04.078330,ChargeFox,145.24502,-37.871707,"511 Burwood Highway, Melbourne, VIC, 3152",4.08,7.02,-37.8688729,145.2126338
2025-04-18T16:33:06.756480,ChargeFox,144.599737,-37.715307,"Bridge Rd, Cobblebank, VIC, 3338",0.84,4.1,-37.7125512,144.6040773
2025-04-18T16:33:07.724157,Evie,145.613177,-37.780958,"1-3 Park Road, Yarra Junction, VIC, 3797",0.26,1.5,-37.7821693,145.6150255
2025-04-18T16:33:09.833297,Evie,144.922268,-37.676814,"1177-1183 Pascoe Vale Road, Melbourne, VIC, 3047",5.44,10.38,-37.6641298,144.959583
2025-04-18T16:33:11.930540,ChargeFox,144.930032,-37.83076,"481 Plummer Street, Melbourne, VIC, 3207",1.11,3.72,-37.8333613,144.9219203
2025-04-18T16:33:14.389269,ChargeFox,145.165797,-37.673698,"129-163 Main Hurstbridge Road, Melbourne, VIC, 3089",1.22,2.87,-37.6733272,145.1588075
2025-04-18T16:33:19.843762,ChargeFox,144.662341,-37.901958,"22 Synnot Street, Melbourne, VIC, 3030",6.14,10.53,-37.8800365,144.6170498
2025-04-18T16:33:22.266548,AmpCharge,144.80928,-37.846491,"1 Horsburgh Drive, Melbourne, VIC, 3025",4.17,7.83,-37.8671503,144.8294637
2025-04-18T16:33:24.210436,ChargeFox,145.011346,-37.812423,"620 Victoria Street, Melbourne, VIC, 3121",2.18,5.25,-37.8191777,145.0167539
2025-04-18T16:33:26.426577,Evie,144.808207,-37.726422,"80 Taylors Road, Melbourne, VIC, 3038",3.43,7.08,-37.7062908,144.8039161
2025-04-18T16:33:28.719435,Evie,144.922268,-37.676814,"1177-1183 Pascoe Vale Road, Melbourne, VIC, 3047",1.35,3.7,-37.6804576,144.9123982
2025-04-18T16:33:30.785660,bp pulse,144.993801,-37.647825,"1 Scanlon Drive, Melbourne, VIC, 3076",5.33,8.35,-37.6245646,145.0136597
2025-04-18T16:33:34.465629,Evie,144.922268,-37.676814,"1177-1183 Pascoe Vale Road, Melbourne, VIC, 3047",1.69,4.87,-37.6730847,144.9282577
2025-04-18T16:33:36.716340,bp pulse,144.993801,-37.647825,"1 Scanlon Drive, Melbourne, VIC, 3076",12.32,14.25,-37.603329,144.9253134
2025-04-18T16:33:39.254890,ChargeFox,144.662341,-37.901958,"22 Synnot Street, Melbourne, VIC, 3030",2.26,4.73,-37.907984,144.6416748
2025-04-18T16:33:41.915350,ChargeFox,144.961488,-37.718971,"11 Boundary Road, Melbourne, VIC, 3046",1.35,5.35,-37.7272635,144.9678538
2025-04-18T16:33:43.605058,bp pulse,144.827641,-38.371404,"Point Nepean Road, Rye, VIC, 3941",2.92,6.2,-38.3821684,144.8099264
2025-04-18T16:33:45.795901,Evie,145.256979,-38.051221,"75S Lynbrook Boulevard, Melbourne, VIC, 3975",1.13,2.87,-38.0558639,145.2561128
2025-04-18T16:33:48.276642,ChargeFox,144.962027,-37.771481,"1 David Street, Melbourne, VIC, 3056",0.71,4.12,-37.7664715,144.9613103
2025-04-18T16:33:50.226981,ChargeFox,145.044897,-37.719093,"Kingsbury Drive, Melbourne, VIC, 3083",2.49,5.65,-37.7200123,145.0271063
2025-04-18T16:33:52.903888,ChargeFox,145.044897,-37.719093,"Kingsbury Drive, Melbourne, VIC, 3083",0.58,3.53,-37.720574,145.047976
2025-04-18T16:33:54.119094,Evie,144.572248,-37.722813,"201 Exford Road, Weir Views, VIC, 3338",9.87,13.63,-37.7821653,144.5503709
2025-04-18T16:33:56.799819,ChargeFox,144.967322,-37.742419,"82 Russell Street, Melbourne, VIC, 3058",0.56,2.88,-37.7449752,144.9643314
2025-04-18T16:33:59.274779,ChargeFox,145.165797,-37.673698,"129-163 Main Hurstbridge Road, Melbourne, VIC, 3089",1.22,2.87,-37.6733272,145.1588075
2025-04-18T16:34:01.298179,ChargeFox,144.885528,-37.713652,"29-35 Louis Street, Airport West, VIC, 3042",2.79,6.58,-37.7000743,144.8908894
2025-04-18T16:34:03.524437,AmpCharge,145.073586,-37.659606,"377 Plenty Road, Melbourne, VIC, 3082",5.51,9.4,-37.6403391,145.084278
2025-04-18T16:34:05.469358,ChargeFox,145.1645,-37.87535,"227-235 Springvale Road, Glen Waverley, VIC, 3150",0.92,4.57,-37.8795908,145.1622405
2025-04-18T16:34:07.177024,AmpCharge,145.18242,-37.99514,"248 Cheltenham Road, Melbourne, VIC, 3173",2.6,6.07,-38.0053607,145.1674069
2025-04-18T16:34:09.529499,ChargeFox,144.662341,-37.901958,"22 Synnot Street, Melbourne, VIC, 3030",4.17,7.38,-37.8958126,144.6304628
2025-04-18T16:34:11.476029,bp pulse,144.993801,-37.647825,"1 Scanlon Drive, Melbourne, VIC, 3076",3.55,7.38,-37.6523847,145.0315487
2025-04-18T16:34:13.673443,Evie,145.003594,-37.906279,"47 Willansby Avenue, Melbourne, VIC, 3186",1.25,3.42,-37.9081962,144.9957991
2025-04-18T16:34:17.372050,ChargeFox,145.135069,-38.151687,"47-49 Moorooduc Hwy, Melbourne, VIC, 3199",5.88,9.22,-38.1353489,145.1666795
2025-04-18T16:34:19.650955,Exploren,145.469606,-37.660015,"313 Healesville Yarra Glen Road, Healesville, VIC, 3777",2.45,3.8,-37.6635261,145.4817549
2025-04-18T16:34:21.870271,Evie,144.922268,-37.676814,"1177-1183 Pascoe Vale Road, Melbourne, VIC, 3047",4.04,6.87,-37.6601922,144.9408062
2025-04-18T16:34:24.070619,ChargeFox,144.81576,-37.760585,"145 Furlong Road, Melbourne, VIC, 3021",1.39,2.97,-37.7639651,144.8287004
2025-04-18T16:34:27.911759,bp pulse,144.739608,-37.756332,"Western Highway, Caroline Springs Boulevard, Melbourne, VIC, 3023",3.4,6.42,-37.7326399,144.733868
2025-04-18T16:34:29.127602,Evie,144.572248,-37.722813,"201 Exford Road, Weir Views, VIC, 3338",10.73,12.92,-37.7852115,144.5605697
2025-04-18T16:34:30.731550,Evie,144.572248,-37.722813,"201 Exford Road, Weir Views, VIC, 3338",10.61,12.73,-37.787905,144.5592084
2025-04-18T16:34:32.567906,ChargeFox,144.959594,-37.815888,"501 Bourke Street, Melbourne, VIC, 3000",0.4,2.17,-37.8142454,144.9631732
2025-04-18T16:34:33.795820,Evie,144.572248,-37.722813,"201 Exford Road, Weir Views, VIC, 3338",11.17,16.4,-37.7853138,144.5406661
2025-04-18T16:34:38.704015,JOLT,145.240953,-37.858866,"193-195 Stud Road, Melbourne, VIC, 3152",5.54,9.4,-37.8379885,145.2121845
2025-04-18T16:34:42.481713,ChargeFox,144.827103,-37.832834,"494 Grieve Parade, Melbourne, VIC, 3025",3.59,6.83,-37.8119107,144.8154073
2025-04-18T16:34:44.303010,ChargeFox,145.342013,-38.093164,"Matterhorn Dr, Melbourne, VIC, 3978",2.77,4.08,-38.1028681,145.3302814
2025-04-18T16:34:46.047423,AmpCharge,145.23639,-37.90804,"940 Stud Road, Melbourne, VIC, 3178",2.63,4.23,-37.9239267,145.2447672
2025-04-28T10:34:57.773134,bp pulse,144.898079,-37.534418,"470 Donnybrook Road, Melbourne, VIC, 3064",10.55,15.45,-37.5442344,145.0076408
2025-04-28T10:35:00.690718,JOLT,145.017458,-37.975499,"588 Balcombe Road, Melbourne, VIC, 3193",1.02,2.52,-37.9706564,145.0212822
2025-04-28T10:35:02.935634,ChargeFox,145.09544,-37.849666,"238 Warrigal Road, Melbourne, VIC, 3124",2.78,4.55,-37.8374349,145.1115353
2025-04-28T10:35:03.983610,ChargeFox,144.599737,-37.715307,"Bridge Rd, Cobblebank, VIC, 3338",14.29,17.35,-37.7917062,144.5494853
2025-04-28T10:35:06.148959,bp pulse,145.25378,-37.798928,"420 Maroondah Highway, Melbourne, VIC, 3134",3.22,6.17,-37.7955004,145.2801507
2025-04-28T10:35:08.254186,bp pulse,144.993801,-37.647825,"1 Scanlon Drive, Melbourne, VIC, 3076",6.77,10.37,-37.6362329,145.0265708
2025-04-28T10:35:10.720995,bp pulse,144.739608,-37.756332,"Western Highway, Caroline Springs Boulevard, Melbourne, VIC, 3023",3,5.43,-37.7340623,144.7370017
2025-04-28T10:35:12.703484,Evie,145.115953,-38.054794,"8 Swansea Road, Melbourne, VIC, 3196",1.34,5.15,-38.0497386,145.121407
2025-04-28T10:35:13.720247,Evie,144.729187,-37.581831,"98-122 O'Shanassy Street, Sunbury, VIC, 3429",0.48,3.03,-37.5791363,144.7279832
2025-04-28T10:35:15.875930,ChargeFox,145.281708,-38.107852,"125 High Street, Melbourne, VIC, 3977",4.26,9.7,-38.1199326,145.3182716
2025-04-28T10:35:18.342090,ChargeFox,144.924066,-37.708486,"50 Wheatsheaf Road, Melbourne, VIC, 3046",5.08,11.07,-37.6694522,144.9350241
2025-04-28T10:35:20.283468,AmpCharge,145.166811,-37.941731,"754-768 Princes Highway, Melbourne, VIC, 3171",6.67,11.98,-37.9623312,145.1346687
2025-04-28T10:35:21.149080,Evie,145.118395,-37.510615,"74 Church Street, Whittlesea, VIC, 3757",0.96,2.1,-37.5121301,145.1177321
2025-04-28T10:35:22.441511,ChargeFox,144.599737,-37.715307,"Bridge Rd, Cobblebank, VIC, 3338",13.39,15.87,-37.7934621,144.5595902
2025-04-28T10:35:24.480611,Moose Toys,145.085796,-37.973632,"29 Grange Road, Melbourne, VIC, 3192",5.35,10.97,-38.0102322,145.0929673
2025-04-28T10:35:25.488723,ChargeFox,144.599737,-37.715307,"Bridge Rd, Cobblebank, VIC, 3338",5.21,7.57,-37.7323715,144.5708942
2025-04-28T10:35:28.369328,Evie,144.782132,-37.696554,"410 Melton Highway, Melbourne, VIC, 3038",2.58,5.53,-37.6997223,144.7653295
2025-04-28T10:35:29.132038,Evie,145.118395,-37.510615,"74 Church Street, Whittlesea, VIC, 3757",5.1,5.25,-37.4927455,145.1572676
2025-04-28T10:35:32.969585,ChargeFox,144.920987,-37.723624,"563 Pascoe Vale Road, Melbourne, VIC, 3044",0.91,3.38,-37.7180181,144.9215041
2025-04-28T10:35:35.350478,ChargeFox,145.134114,-37.91447,"26 Ancora Imparo Way, Melbourne, VIC, 3168",1.06,3.87,-37.9133914,145.1301259
2025-04-28T10:35:37.233726,Evie,145.086085,-37.91024,"206 Warrigal Road, Melbourne, VIC, 3167",2.39,5.5,-37.9248257,145.0921745
2025-04-28T10:35:40.002947,EVUp,145.279595,-38.087022,"1063 South Gippsland Highway, Melbourne, VIC, 3977",2.88,5.52,-38.102184,145.2949057
2025-04-28T10:35:42.254433,bp pulse,145.223135,-37.97077,"Stud Road, Melbourne, VIC, 3175",2.54,6.72,-37.98749,145.2147923
2025-04-28T10:35:44.141176,ChargeFox,145.135069,-38.151687,"47-49 Moorooduc Hwy, Melbourne, VIC, 3199",1.73,5.27,-38.150925,145.142239
2025-04-28T10:35:46.965494,Evie,144.772413,-37.784565,"20 Mount Derrimut Road, Melbourne, VIC, 3026",2.54,6.28,-37.7686602,144.7713077
2025-04-28T10:35:49.024032,Exploren,145.128455,-37.786635,"659 Doncaster Road, Melbourne, VIC, 3108",3.02,9.1,-37.7726251,145.1131159
2025-04-28T10:35:51.080388,ChargeFox,144.924066,-37.708486,"50 Wheatsheaf Road, Melbourne, VIC, 3046",4.82,10.08,-37.6750485,144.9242188
2025-04-28T10:35:51.980442,bp pulse,144.898079,-37.534418,"470 Donnybrook Road, Melbourne, VIC, 3064",10.74,16.43,-37.5432106,145.0085889
2025-04-28T10:35:54.412690,ChargeFox,144.827103,-37.832834,"494 Grieve Parade, Melbourne, VIC, 3025",1.27,6.62,-37.8378229,144.8342853
2025-04-28T10:35:56.740439,AmpCharge,145.073586,-37.659606,"377 Plenty Road, Melbourne, VIC, 3082",7.45,12.82,-37.6146532,145.0933095
2025-04-28T10:35:59.136965,ChargeFox,144.972123,-37.776348,"126 Weston Street, Melbourne, VIC, 3057",1.7,5.22,-37.7688802,144.9776825
2025-04-28T10:36:01.444193,bp pulse,144.739608,-37.756332,"Western Highway, Caroline Springs Boulevard, Melbourne, VIC, 3023",0.99,2.27,-37.7481414,144.739508
2025-04-28T10:36:02.721774,bp pulse,144.898079,-37.534418,"470 Donnybrook Road, Melbourne, VIC, 3064",1.92,5.37,-37.5344793,144.9120372
2025-04-28T10:36:04.888805,bp pulse,144.993801,-37.647825,"1 Scanlon Drive, Melbourne, VIC, 3076",5.88,9.25,-37.627671,145.0254821
2025-04-28T10:36:07.285715,bp pulse,144.993801,-37.647825,"1 Scanlon Drive, Melbourne, VIC, 3076",11.95,12.15,-37.5902461,144.9342136
2025-04-28T10:36:09.177368,AmpCharge,145.143699,-37.90099,"622-626 Blackburn Road, Melbourne, VIC, 3150",4.61,8.97,-37.8758579,145.1284529
2025-04-28T10:36:12.994955,ChargeFox,145.09544,-37.849666,"238 Warrigal Road, Melbourne, VIC, 3124",3.02,7.28,-37.8384623,145.0740767
2025-04-28T10:36:16.582729,Evie,144.782132,-37.696554,"410 Melton Highway, Melbourne, VIC, 3038",2.87,6.72,-37.7092585,144.7872516
2025-04-28T10:36:18.705960,JOLT,145.041463,-37.956312,"322 Bay Road, Melbourne, VIC, 3192",2.26,5.35,-37.9670081,145.0546951
2025-04-28T10:36:21.066820,ChargeFox,145.029635,-37.855584,"290 Glenferrie Road, Melbourne, VIC, 3144",0.65,2.77,-37.8576088,145.0350666
2025-04-28T10:36:24.856477,ChargeFox,145.279866,-37.79692,"4-16 Devon Street, Melbourne, VIC, 3136",8.98,15.25,-37.7571582,145.3458656
2025-04-28T10:36:27.214524,ChargeFox,145.281708,-38.107852,"125 High Street, Melbourne, VIC, 3977",0.72,2.3,-38.1087492,145.2895959
2025-04-28T10:36:29.653902,ChargeFox,144.614101,-37.909729,"104 Shipwright Parade, Melbourne, VIC, 3030",9.03,15.65,-37.850401,144.5882783
2025-04-28T10:36:33.521444,Evie,145.027236,-37.863419,"110-122 Wattletree Road, Melbourne, VIC, 3143",1.94,6.63,-37.8709314,145.0193037
2025-04-28T10:36:35.709996,bp pulse,144.993801,-37.647825,"1 Scanlon Drive, Melbourne, VIC, 3076",5.64,9.73,-37.6303914,145.0273223
2025-04-28T10:36:39.412994,ChargeFox,144.827103,-37.832834,"494 Grieve Parade, Melbourne, VIC, 3025",5.62,11.18,-37.7983442,144.8110919
2025-04-28T10:36:41.589469,AmpCharge,145.073586,-37.659606,"377 Plenty Road, Melbourne, VIC, 3082",7.37,12.37,-37.6132253,145.0980154
2025-04-28T10:36:45.438653,Moose Toys,145.085796,-37.973632,"29 Grange Road, Melbourne, VIC, 3192",5.13,11.08,-38.0021533,145.0974829
2025-04-28T10:36:47.602674,ChargeFox,145.120516,-37.817982,"1 Main Street, Melbourne, VIC, 3128",3.11,8.32,-37.8171289,145.0949242
2025-04-28T10:36:51.025798,ChargeFox,145.06833,-37.759487,"451 Lower Heidelberg Road, Melbourne, VIC, 3084",1.19,4.45,-37.7524788,145.0701284
2025-04-28T10:36:52.053446,ChargeFox,144.599737,-37.715307,"Bridge Rd, Cobblebank, VIC, 3338",14.2,17.4,-37.7924237,144.5498933
2025-04-28T10:36:54.143194,Evie,144.772413,-37.784565,"20 Mount Derrimut Road, Melbourne, VIC, 3026",7.83,9.78,-37.7987978,144.776051
2025-04-28T10:36:56.094227,ChargeFox,145.120516,-37.817982,"1 Main Street, Melbourne, VIC, 3128",2.6,6.63,-37.8366236,145.1233644
2025-04-28T10:36:57.896811,bp pulse,145.25378,-37.798928,"420 Maroondah Highway, Melbourne, VIC, 3134",3.75,11.22,-37.8158726,145.2291113
2025-04-28T10:37:00.566682,EVUp,145.279595,-38.087022,"1063 South Gippsland Highway, Melbourne, VIC, 3977",2.07,4.65,-38.0997308,145.2807256
2025-04-28T10:37:02.908631,ChargeFox,145.124142,-38.139738,"15 Beach Street, Melbourne, VIC, 3199",5.05,8.7,-38.170954,145.0972517
2025-04-28T10:37:05.100071,ChargeFox,144.662341,-37.901958,"22 Synnot Street, Melbourne, VIC, 3030",1.02,3.42,-37.9047634,144.6530424
2025-04-28T10:37:07.178494,ChargeFox,144.724294,-37.828926,"117 Alcock Road, Melbourne, VIC, 3029",3.16,6.8,-37.8237397,144.7132186
2025-04-28T10:37:09.951914,ChargeFox,144.969519,-37.702474,"99 Jukes Road, Melbourne, VIC, 3060",2.53,7.13,-37.7146535,144.9605402
2025-04-28T10:37:11.844274,JOLT,145.041463,-37.956312,"322 Bay Road, Melbourne, VIC, 3192",5.29,11.13,-37.9381127,145.0014764
2025-04-28T10:37:12.873079,ChargeFox,144.599737,-37.715307,"Bridge Rd, Cobblebank, VIC, 3338",14.42,17.98,-37.792199,144.5486025
2025-04-28T10:37:15.135065,Evie,145.24882,-38.005187,"125 Princes Highway, Melbourne, VIC, 3175",9.77,11.35,-38.0097571,145.326648
2025-04-28T10:37:18.556917,ChargeFox,145.062994,-37.681565,"Clements Dr, Melbourne, VIC, 3083",2.65,6.9,-37.6982468,145.0596757
2025-04-28T10:37:20.504667,ChargeFox,145.062994,-37.681565,"Clements Dr, Melbourne, VIC, 3083",4.16,8.65,-37.6734151,145.0272333
2025-04-28T10:37:23.338016,ChargeFox,144.885528,-37.713652,"29-35 Louis Street, Airport West, VIC, 3042",1.56,4.87,-37.7222576,144.8834942
2025-04-28T10:37:25.147314,Evie,144.993264,-37.804475,"7-11 Stanton Street, Melbourne, VIC, 3067",0.82,3.77,-37.80745,144.9907213
2025-04-28T10:37:26.939578,ChargeFox,144.724294,-37.828926,"117 Alcock Road, Melbourne, VIC, 3029",3.62,8.48,-37.8321522,144.69462
2025-04-28T10:37:30.772938,ChargeFox,145.142444,-37.72293,"40 Brougham Street, Melbourne, VIC, 3095",5.84,11.58,-37.732231,145.1014989
2025-04-28T10:37:32.825498,ChargeFox,144.930032,-37.83076,"481 Plummer Street, Melbourne, VIC, 3207",1.66,4.52,-37.8245644,144.922933
2025-04-28T10:37:34.931677,Evie,145.24882,-38.005187,"125 Princes Highway, Melbourne, VIC, 3175",6.13,9.75,-38.0266156,145.3045626
2025-04-28T10:37:37.111171,ChargeFox,145.034439,-37.820942,"1 Grace Street, Melbourne, VIC, 3122",0.79,3.67,-37.8244246,145.0317207
2025-04-28T10:37:39.945484,ChargeFox,145.180072,-37.95286,"550 Princes Highway, Melbourne, VIC, 3174",3.22,8.35,-37.9503548,145.1665966
2025-04-28T10:37:40.716710,Evie,145.118395,-37.510615,"74 Church Street, Whittlesea, VIC, 3757",1.49,2.28,-37.5040691,145.1090152
2025-04-28T10:37:44.825147,bp pulse,145.223135,-37.97077,"Stud Road, Melbourne, VIC, 3175",2.55,6.92,-37.9558319,145.2143234
2025-04-28T10:37:49.607042,AmpCharge,145.296273,-37.823223,"Gatwick Rd, Melbourne, VIC, 3153",3.1,6.47,-37.8315054,145.3110008
2025-04-28T10:37:53.176552,Evie,144.915231,-37.772574,"66 The Parade, Melbourne, VIC, 3032",0.75,2.63,-37.7753252,144.921825
2025-04-28T10:37:55.612942,Evie,145.182558,-38.088428,"1095 Frankston Dandenong Road, Melbourne, VIC, 3201",8.1,11.03,-38.0761008,145.1472438
2025-04-28T10:37:56.768393,ChargeFox,144.599737,-37.715307,"Bridge Rd, Cobblebank, VIC, 3338",14.1,17.12,-37.793821,144.5506713
2025-04-28T10:37:58.960296,bp pulse,144.993801,-37.647825,"1 Scanlon Drive, Melbourne, VIC, 3076",6.3,11.2,-37.6381563,144.9353302
2025-04-28T10:38:01.428239,ChargeFox,145.029635,-37.855584,"290 Glenferrie Road, Melbourne, VIC, 3144",2.1,6.4,-37.8563442,145.0193207
2025-04-28T10:38:05.330328,ChargeFox,145.085511,-37.887755,"1341 Princes Highway, Melbourne, VIC, 3145",2.22,6.23,-37.8822799,145.1001365
2025-04-28T10:38:07.793652,JOLT,145.230453,-37.898589,"1335 Ferntree Gully Road, Melbourne, VIC, 3179",5.49,7.73,-37.8688729,145.2126338
2025-04-28T10:38:10.535485,ChargeFox,144.599737,-37.715307,"Bridge Rd, Cobblebank, VIC, 3338",0.84,4.28,-37.7125512,144.6040773
2025-04-28T10:38:13.506485,bp pulse,144.993801,-37.647825,"1 Scanlon Drive, Melbourne, VIC, 3076",6.78,11.58,-37.6641298,144.959583
2025-04-28T10:38:15.598791,ChargeFox,144.930032,-37.83076,"481 Plummer Street, Melbourne, VIC, 3207",1.36,3.77,-37.8333613,144.9219203
2025-04-28T10:38:17.451657,ChargeFox,145.142444,-37.72293,"40 Brougham Street, Melbourne, VIC, 3095",7.29,14.92,-37.6733272,145.1588075
2025-04-28T10:38:23.401012,ChargeFox,144.614101,-37.909729,"104 Shipwright Parade, Melbourne, VIC, 3030",5.12,11.07,-37.8800365,144.6170498
2025-04-28T10:38:26.208326,AmpCharge,144.80928,-37.846491,"1 Horsburgh Drive, Melbourne, VIC, 3025",4.17,8.17,-37.8671503,144.8294637
2025-04-28T10:38:28.240640,ChargeFox,145.011346,-37.812423,"620 Victoria Street, Melbourne, VIC, 3121",2.18,5.53,-37.8191777,145.0167539
2025-04-28T10:38:30.317625,Evie,144.782132,-37.696554,"410 Melton Highway, Melbourne, VIC, 3038",4.59,6.88,-37.7062908,144.8039161
2025-04-28T10:38:32.452934,Evie,144.882508,-37.684085,"239-241 Mickleham Road, Melbourne, VIC, 3049",3.48,6.52,-37.6804576,144.9123982
2025-04-28T10:38:34.595638,bp pulse,144.993801,-37.647825,"1 Scanlon Drive, Melbourne, VIC, 3076",5.33,8.82,-37.6245646,145.0136597
2025-04-28T10:38:38.529426,Evie,144.882508,-37.684085,"239-241 Mickleham Road, Melbourne, VIC, 3049",5.44,10.82,-37.6730847,144.9282577
2025-04-28T10:38:40.688052,bp pulse,144.993801,-37.647825,"1 Scanlon Drive, Melbourne, VIC, 3076",12.32,14.63,-37.603329,144.9253134
2025-04-28T10:38:42.882370,ChargeFox,144.662341,-37.901958,"22 Synnot Street, Melbourne, VIC, 3030",2.26,5.12,-37.907984,144.6416748
2025-04-28T10:38:45.777710,ChargeFox,144.961488,-37.718971,"11 Boundary Road, Melbourne, VIC, 3046",1.35,5.27,-37.7272635,144.9678538
2025-04-28T10:38:49.768670,Evie,145.256979,-38.051221,"75S Lynbrook Boulevard, Melbourne, VIC, 3975",1.13,2.95,-38.0558639,145.2561128
2025-04-28T10:38:52.473433,ChargeFox,144.962027,-37.771481,"1 David Street, Melbourne, VIC, 3056",0.78,4.32,-37.7664715,144.9613103
2025-04-28T10:38:57.245699,ChargeFox,144.599737,-37.715307,"Bridge Rd, Cobblebank, VIC, 3338",13.17,18.12,-37.7821653,144.5503709
2025-04-28T10:39:00.130676,ChargeFox,144.967322,-37.742419,"82 Russell Street, Melbourne, VIC, 3058",0.56,3.2,-37.7449752,144.9643314
2025-04-28T10:39:02.039165,ChargeFox,145.142444,-37.72293,"40 Brougham Street, Melbourne, VIC, 3095",7.29,14.92,-37.6733272,145.1588075
2025-04-28T10:39:04.135470,ChargeFox,144.885528,-37.713652,"29-35 Louis Street, Airport West, VIC, 3042",2.79,6.95,-37.7000743,144.8908894
2025-04-28T10:39:06.338330,AmpCharge,145.073586,-37.659606,"377 Plenty Road, Melbourne, VIC, 3082",5.51,10.22,-37.6403391,145.084278
2025-04-28T10:39:11.817061,ChargeFox,144.614101,-37.909729,"104 Shipwright Parade, Melbourne, VIC, 3030",3.05,7.68,-37.8958126,144.6304628
2025-04-28T10:39:13.869816,bp pulse,144.993801,-37.647825,"1 Scanlon Drive, Melbourne, VIC, 3076",3.55,8.12,-37.6523847,145.0315487
2025-04-28T10:39:15.964950,bp pulse,145.007065,-37.90017,"Cnr Nepean Highway and North Road, Melbourne, VIC, 3187",2.17,5.98,-37.9081962,144.9957991
2025-04-28T10:39:17.792890,Moose Toys,145.085796,-37.973632,"29 Grange Road, Melbourne, VIC, 3192",4.38,9.03,-37.9715559,145.124582
2025-04-28T10:39:20.140732,ChargeFox,145.135069,-38.151687,"47-49 Moorooduc Hwy, Melbourne, VIC, 3199",5.88,9.23,-38.1353489,145.1666795
2025-04-28T10:39:21.921146,ChargeFox,145.502872,-37.650986,"80 Healesville Kinglake Road, Healesville, VIC, 3777",3.63,5.98,-37.6635261,145.4817549
2025-04-28T10:39:24.305028,bp pulse,144.993801,-37.647825,"1 Scanlon Drive, Melbourne, VIC, 3076",8.44,12.95,-37.6601922,144.9408062
2025-04-28T10:39:30.305228,bp pulse,144.739608,-37.756332,"Western Highway, Caroline Springs Boulevard, Melbourne, VIC, 3023",3.4,6.53,-37.7326399,144.733868
2025-04-28T10:39:31.349898,ChargeFox,144.599737,-37.715307,"Bridge Rd, Cobblebank, VIC, 3338",14.03,17.33,-37.7852115,144.5605697
2025-04-28T10:39:32.800007,ChargeFox,144.599737,-37.715307,"Bridge Rd, Cobblebank, VIC, 3338",13.91,17.13,-37.787905,144.5592084
2025-04-28T10:39:34.577924,ChargeFox,144.959594,-37.815888,"501 Bourke Street, Melbourne, VIC, 3000",0.4,2.45,-37.8142454,144.9631732
2025-04-28T10:39:35.618221,ChargeFox,144.599737,-37.715307,"Bridge Rd, Cobblebank, VIC, 3338",14.47,21,-37.7853138,144.5406661
2025-04-28T10:39:37.465846,AmpCharge,145.051589,-37.826615,"73 Camberwell Road, Melbourne, VIC, 3123",2.93,7.82,-37.8163364,145.0687942
2025-04-28T10:39:41.385909,JOLT,145.240953,-37.858866,"193-195 Stud Road, Melbourne, VIC, 3152",5.54,9.77,-37.8379885,145.2121845
2025-04-28T10:39:44.996435,ChargeFox,144.827103,-37.832834,"494 Grieve Parade, Melbourne, VIC, 3025",3.59,7.98,-37.8119107,144.8154073
2025-04-28T10:39:46.863369,ChargeFox,145.342013,-38.093164,"Matterhorn Dr, Melbourne, VIC, 3978",2.77,4.35,-38.1028681,145.3302814
2025-04-28T10:39:49.680526,AmpCharge,145.23639,-37.90804,"940 Stud Road, Melbourne, VIC, 3178",2.63,4.33,-37.9239267,145.2447672
2025-04-28T10:39:50.729871,ChargeFox,144.599737,-37.715307,"Bridge Rd, Cobblebank, VIC, 3338",13.74,16.38,-37.7884948,144.5582739
2025-04-28T10:39:52.878829,ChargeFox,145.083057,-37.884293,"1341 Princes Highway, Melbourne, VIC, 3145",3.25,6.92,-37.876835,145.0658739
2025-04-28T10:39:54.956697,Evie,144.782132,-37.696554,"410 Melton Highway, Melbourne, VIC, 3038",6.06,6.08,-37.7205762,144.8047614
2025-04-28T10:39:59.158856,AmpCharge,145.073586,-37.659606,"377 Plenty Road, Melbourne, VIC, 3082",10.74,18.97,-37.5979507,145.0753657
2025-04-28T10:40:01.842699,bp pulse,145.264097,-38.110217,"1025 Cranbourne Frankston Road, Melbourne, VIC, 3977",2.28,7.28,-38.102241,145.2517182
2025-04-28T10:40:04.414222,Evie,144.729187,-37.581831,"98-122 O'Shanassy Street, Sunbury, VIC, 3429",1.51,4.38,-37.5772947,144.7161349
2025-04-28T10:40:06.736620,ChargeFox,145.135069,-38.151687,"47-49 Moorooduc Hwy, Melbourne, VIC, 3199",5.14,7.65,-38.1379689,145.1628252
2025-04-28T10:40:09.476390,ChargeFox,145.180072,-37.95286,"550 Princes Highway, Melbourne, VIC, 3174",4,8.75,-37.9359053,145.2051222
2025-04-28T10:40:12.420296,bp pulse,144.739608,-37.756332,"Western Highway, Caroline Springs Boulevard, Melbourne, VIC, 3023",11.67,18.57,-37.705345,144.6794568
2025-04-28T10:40:14.317314,bp pulse,145.007065,-37.90017,"Cnr Nepean Highway and North Road, Melbourne, VIC, 3187",2.7,6.72,-37.9171728,145.0163663
2025-04-28T10:40:16.366070,Evie,144.89418,-37.802342,"38 Raleigh Street, Melbourne, VIC, 3011",1.76,4.25,-37.8054508,144.879879
2025-04-28T10:40:18.611276,bp pulse,144.993801,-37.647825,"1 Scanlon Drive, Melbourne, VIC, 3076",5.31,10.15,-37.6755673,144.9898056
2025-04-28T10:40:20.430322,ChargeFox,145.120516,-37.817982,"1 Main Street, Melbourne, VIC, 3128",2.03,6.62,-37.8148997,145.1062282
2025-04-28T10:40:22.732302,JOLT,145.041463,-37.956312,"322 Bay Road, Melbourne, VIC, 3192",3.49,6.65,-37.9502592,145.0043868
2025-04-28T10:40:24.843828,ChargeFox,144.614101,-37.909729,"104 Shipwright Parade, Melbourne, VIC, 3030",0.56,2.63,-37.9110402,144.6113082
2025-04-28T10:40:27.281937,ChargeFox,145.342013,-38.093164,"Matterhorn Dr, Melbourne, VIC, 3978",7.73,12.62,-38.0398297,145.3451089
2025-04-28T10:40:30.746872,ChargeFox,145.142444,-37.72293,"40 Brougham Street, Melbourne, VIC, 3095",1.71,5.32,-37.713736,145.147673
2025-04-28T10:40:33.106340,AmpCharge,145.296273,-37.823223,"Gatwick Rd, Melbourne, VIC, 3153",5.46,7.67,-37.8054372,145.3280915
2025-04-28T10:40:35.632361,Evie,145.182558,-38.088428,"1095 Frankston Dandenong Road, Melbourne, VIC, 3201",2.4,5.28,-38.1003312,145.1788657
2025-04-28T10:40:37.715234,Evie,144.993264,-37.804475,"7-11 Stanton Street, Melbourne, VIC, 3067",0.67,4.03,-37.8045508,144.9988542
2025-04-28T10:50:39.179591,bp pulse,144.898079,-37.534418,"470 Donnybrook Road, Melbourne, VIC, 3064",10.55,15.52,-37.5442344,145.0076408
2025-04-28T10:50:43.565344,ChargeFox,145.09544,-37.849666,"238 Warrigal Road, Melbourne, VIC, 3124",2.78,4.55,-37.8374349,145.1115353
2025-04-28T10:50:44.592520,Evie,144.572248,-37.722813,"201 Exford Road, Weir Views, VIC, 3338",10.99,13.13,-37.7917062,144.5494853
2025-04-28T10:50:47.164958,ChargeFox,145.279866,-37.79692,"4-16 Devon Street, Melbourne, VIC, 3136",1.95,4.52,-37.7955004,145.2801507
2025-04-28T10:50:49.365047,bp pulse,144.993801,-37.647825,"1 Scanlon Drive, Melbourne, VIC, 3076",6.77,10.38,-37.6362329,145.0265708
2025-04-28T10:50:51.760209,bp pulse,144.739608,-37.756332,"Western Highway, Caroline Springs Boulevard, Melbourne, VIC, 3023",3,5.48,-37.7340623,144.7370017
2025-04-28T10:50:54.097938,Evie,145.115953,-38.054794,"8 Swansea Road, Melbourne, VIC, 3196",1.34,5.2,-38.0497386,145.121407
2025-04-28T10:50:55.130232,Evie,144.729187,-37.581831,"98-122 O'Shanassy Street, Sunbury, VIC, 3429",0.48,3.07,-37.5791363,144.7279832
2025-04-28T10:50:57.348684,ChargeFox,145.281708,-38.107852,"125 High Street, Melbourne, VIC, 3977",4.26,9.75,-38.1199326,145.3182716
2025-04-28T10:51:00.063255,Evie,144.922268,-37.676814,"1177-1183 Pascoe Vale Road, Melbourne, VIC, 3047",2.5,6.03,-37.6694522,144.9350241
2025-04-28T10:51:01.851337,AmpCharge,145.166811,-37.941731,"754-768 Princes Highway, Melbourne, VIC, 3171",6.67,12.05,-37.9623312,145.1346687
2025-04-28T10:51:02.621955,Evie,145.118395,-37.510615,"74 Church Street, Whittlesea, VIC, 3757",0.96,2.13,-37.5121301,145.1177321
2025-04-28T10:51:04.046485,Evie,144.572248,-37.722813,"201 Exford Road, Weir Views, VIC, 3338",10.08,11.65,-37.7934621,144.5595902
2025-04-28T10:51:06.234195,Moose Toys,145.085796,-37.973632,"29 Grange Road, Melbourne, VIC, 3192",5.35,10.98,-38.0102322,145.0929673
2025-04-28T10:51:07.266964,Evie,144.572248,-37.722813,"201 Exford Road, Weir Views, VIC, 3338",1.9,3.37,-37.7323715,144.5708942
2025-04-28T10:51:09.949600,AmpCharge,144.755443,-37.694021,"575 Melton Highway, Melbourne, VIC, 3037",2.15,3.85,-37.6997223,144.7653295
2025-04-28T10:51:10.851031,Evie,145.118395,-37.510615,"74 Church Street, Whittlesea, VIC, 3757",5.1,5.27,-37.4927455,145.1572676
2025-04-28T10:51:14.715134,ChargeFox,144.920987,-37.723624,"563 Pascoe Vale Road, Melbourne, VIC, 3044",0.91,3.38,-37.7180181,144.9215041
2025-04-28T10:51:17.147729,ChargeFox,145.134114,-37.91447,"26 Ancora Imparo Way, Melbourne, VIC, 3168",1.06,3.87,-37.9133914,145.1301259
2025-04-28T10:51:18.965824,Evie,145.086085,-37.91024,"206 Warrigal Road, Melbourne, VIC, 3167",2.39,5.5,-37.9248257,145.0921745
2025-04-28T10:51:21.750856,EVUp,145.279595,-38.087022,"1063 South Gippsland Highway, Melbourne, VIC, 3977",2.88,5.55,-38.102184,145.2949057
2025-04-28T10:51:23.876289,bp pulse,145.223135,-37.97077,"Stud Road, Melbourne, VIC, 3175",2.54,6.77,-37.98749,145.2147923
2025-04-28T10:51:26.123845,ChargeFox,145.135069,-38.151687,"47-49 Moorooduc Hwy, Melbourne, VIC, 3199",1.73,5.58,-38.150925,145.142239
2025-04-28T10:51:28.463989,Evie,144.772413,-37.784565,"20 Mount Derrimut Road, Melbourne, VIC, 3026",2.54,6.23,-37.7686602,144.7713077
2025-04-28T10:51:30.639648,Exploren,145.128455,-37.786635,"659 Doncaster Road, Melbourne, VIC, 3108",3.02,9.2,-37.7726251,145.1131159
2025-04-28T10:51:32.968923,Evie,144.922268,-37.676814,"1177-1183 Pascoe Vale Road, Melbourne, VIC, 3047",1.86,5.2,-37.6750485,144.9242188
2025-04-28T10:51:33.743216,bp pulse,144.898079,-37.534418,"470 Donnybrook Road, Melbourne, VIC, 3064",10.74,16.48,-37.5432106,145.0085889
2025-04-28T10:51:35.782448,ChargeFox,144.827103,-37.832834,"494 Grieve Parade, Melbourne, VIC, 3025",1.27,6.63,-37.8378229,144.8342853
2025-04-28T10:51:37.947626,AmpCharge,145.073586,-37.659606,"377 Plenty Road, Melbourne, VIC, 3082",7.45,12.85,-37.6146532,145.0933095
2025-04-28T10:51:40.361913,ChargeFox,144.972123,-37.776348,"126 Weston Street, Melbourne, VIC, 3057",1.7,5.23,-37.7688802,144.9776825
2025-04-28T10:51:43.087839,bp pulse,144.739608,-37.756332,"Western Highway, Caroline Springs Boulevard, Melbourne, VIC, 3023",0.99,2.3,-37.7481414,144.739508
2025-04-28T10:51:44.350565,bp pulse,144.898079,-37.534418,"470 Donnybrook Road, Melbourne, VIC, 3064",1.92,5.37,-37.5344793,144.9120372
2025-04-28T10:51:46.500559,bp pulse,144.993801,-37.647825,"1 Scanlon Drive, Melbourne, VIC, 3076",5.88,9.25,-37.627671,145.0254821
2025-04-28T10:51:48.987142,bp pulse,144.993801,-37.647825,"1 Scanlon Drive, Melbourne, VIC, 3076",11.95,12.22,-37.5902461,144.9342136
2025-04-28T10:51:51.245913,ChargeFox,145.1645,-37.87535,"227-235 Springvale Road, Glen Waverley, VIC, 3150",3.97,7.6,-37.8758579,145.1284529
2025-04-28T10:51:55.063774,ChargeFox,145.09544,-37.849666,"238 Warrigal Road, Melbourne, VIC, 3124",3.02,7.33,-37.8384623,145.0740767
2025-04-28T10:51:59.201603,Evie,144.782132,-37.696554,"410 Melton Highway, Melbourne, VIC, 3038",2.87,6.73,-37.7092585,144.7872516
2025-04-28T10:52:03.442443,ChargeFox,145.029635,-37.855584,"290 Glenferrie Road, Melbourne, VIC, 3144",0.65,2.17,-37.8576088,145.0350666
2025-04-28T10:52:07.559390,Evie,145.312048,-37.76114,"246A Maroondah Highway, Melbourne, VIC, 3116",3.86,6.53,-37.7571582,145.3458656
2025-04-28T10:52:09.893646,ChargeFox,145.281708,-38.107852,"125 High Street, Melbourne, VIC, 3977",0.72,2.3,-38.1087492,145.2895959
2025-04-28T10:52:12.295080,ChargeFox,144.614101,-37.909729,"104 Shipwright Parade, Melbourne, VIC, 3030",9.03,15.65,-37.850401,144.5882783
2025-04-28T10:52:16.520314,ChargeFox,145.022549,-37.880786,"Glen Eira Rd, Melbourne, VIC, 3162",1.71,4.68,-37.8709314,145.0193037
2025-04-28T10:52:18.936238,bp pulse,144.993801,-37.647825,"1 Scanlon Drive, Melbourne, VIC, 3076",5.64,9.75,-37.6303914,145.0273223
2025-04-28T10:52:22.710153,ChargeFox,144.827103,-37.832834,"494 Grieve Parade, Melbourne, VIC, 3025",5.62,11.2,-37.7983442,144.8110919
2025-04-28T10:52:25.034697,AmpCharge,145.073586,-37.659606,"377 Plenty Road, Melbourne, VIC, 3082",7.37,12.38,-37.6132253,145.0980154
2025-04-28T10:52:28.738129,Moose Toys,145.085796,-37.973632,"29 Grange Road, Melbourne, VIC, 3192",5.13,11.12,-38.0021533,145.0974829
2025-04-28T10:52:30.776738,ChargeFox,145.120516,-37.817982,"1 Main Street, Melbourne, VIC, 3128",3.11,8.38,-37.8171289,145.0949242
2025-04-28T10:52:34.505349,ChargeFox,145.06833,-37.759487,"451 Lower Heidelberg Road, Melbourne, VIC, 3084",1.19,4.45,-37.7524788,145.0701284
2025-04-28T10:52:35.783861,Evie,144.572248,-37.722813,"201 Exford Road, Weir Views, VIC, 3338",10.9,13.2,-37.7924237,144.5498933
2025-04-28T10:52:37.553092,Evie,144.772413,-37.784565,"20 Mount Derrimut Road, Melbourne, VIC, 3026",7.83,9.93,-37.7987978,144.776051
2025-04-28T10:52:39.401287,ChargeFox,145.120516,-37.817982,"1 Main Street, Melbourne, VIC, 3128",2.6,6.75,-37.8366236,145.1233644
2025-04-28T10:52:41.486091,Evie,145.213897,-37.831918,"401 Canterbury Road, Melbourne, VIC, 3134",3.49,9.03,-37.8158726,145.2291113
2025-04-28T10:52:44.075826,EVUp,145.279595,-38.087022,"1063 South Gippsland Highway, Melbourne, VIC, 3977",2.07,4.67,-38.0997308,145.2807256
2025-04-28T10:52:46.127227,ChargeFox,145.124142,-38.139738,"15 Beach Street, Melbourne, VIC, 3199",4.86,8.58,-38.170954,145.0972517
2025-04-28T10:52:48.224600,ChargeFox,144.662341,-37.901958,"22 Synnot Street, Melbourne, VIC, 3030",1.02,3.45,-37.9047634,144.6530424
2025-04-28T10:52:50.405856,ChargeFox,144.724294,-37.828926,"117 Alcock Road, Melbourne, VIC, 3029",3.16,6.82,-37.8237397,144.7132186
2025-04-28T10:52:52.992927,ChargeFox,144.969519,-37.702474,"99 Jukes Road, Melbourne, VIC, 3060",2.53,7.15,-37.7146535,144.9605402
2025-04-28T10:52:55.952915,Evie,144.572248,-37.722813,"201 Exford Road, Weir Views, VIC, 3338",11.12,13.77,-37.792199,144.5486025
2025-04-28T10:52:58.178829,Evie,145.24882,-38.005187,"125 Princes Highway, Melbourne, VIC, 3175",9.77,11.68,-38.0097571,145.326648
2025-04-28T10:53:01.802856,ChargeFox,145.062994,-37.681565,"Clements Dr, Melbourne, VIC, 3083",2.65,6.97,-37.6982468,145.0596757
2025-04-28T10:53:03.604821,ChargeFox,145.062994,-37.681565,"Clements Dr, Melbourne, VIC, 3083",4.16,8.67,-37.6734151,145.0272333
2025-04-28T10:53:06.061549,ChargeFox,144.885528,-37.713652,"29-35 Louis Street, Airport West, VIC, 3042",1.56,4.92,-37.7222576,144.8834942
2025-04-28T10:53:07.923206,Evie,144.993264,-37.804475,"7-11 Stanton Street, Melbourne, VIC, 3067",0.82,3.8,-37.80745,144.9907213
2025-04-28T10:53:09.791801,ChargeFox,144.724294,-37.828926,"117 Alcock Road, Melbourne, VIC, 3029",3.62,8.5,-37.8321522,144.69462
2025-04-28T10:53:13.510928,ChargeFox,145.142444,-37.72293,"40 Brougham Street, Melbourne, VIC, 3095",5.84,11.6,-37.732231,145.1014989
2025-04-28T10:53:15.620865,ChargeFox,144.930032,-37.83076,"481 Plummer Street, Melbourne, VIC, 3207",1.66,4.53,-37.8245644,144.922933
2025-04-28T10:53:17.805567,Evie,145.24882,-38.005187,"125 Princes Highway, Melbourne, VIC, 3175",6.13,9.9,-38.0266156,145.3045626
2025-04-28T10:53:19.930309,ChargeFox,145.034439,-37.820942,"1 Grace Street, Melbourne, VIC, 3122",0.79,3.72,-37.8244246,145.0317207
2025-04-28T10:53:20.961934,Evie,145.191942,-38.308363,"34 King Street, Hastings, VIC, 3915",0.93,4.42,-38.3056058,145.1859934
2025-04-28T10:53:23.290177,AmpCharge,145.166811,-37.941731,"754-768 Princes Highway, Melbourne, VIC, 3171",2.15,10.87,-37.9503548,145.1665966
2025-04-28T10:53:24.185470,Evie,145.118395,-37.510615,"74 Church Street, Whittlesea, VIC, 3757",1.49,2.28,-37.5040691,145.1090152
2025-04-28T10:53:28.937506,bp pulse,145.223135,-37.97077,"Stud Road, Melbourne, VIC, 3175",2.55,6.93,-37.9558319,145.2143234
2025-04-28T10:53:31.356991,Evie,145.312048,-37.76114,"246A Maroondah Highway, Melbourne, VIC, 3116",8.84,12.42,-37.7291014,145.378424
2025-04-28T10:53:33.973918,AmpCharge,145.296273,-37.823223,"Gatwick Rd, Melbourne, VIC, 3153",3.1,6.47,-37.8315054,145.3110008
2025-04-28T10:53:37.321536,Evie,144.915231,-37.772574,"66 The Parade, Melbourne, VIC, 3032",0.75,2.63,-37.7753252,144.921825
2025-04-28T10:53:39.872645,Evie,145.182558,-38.088428,"1095 Frankston Dandenong Road, Melbourne, VIC, 3201",8.1,11.05,-38.0761008,145.1472438
2025-04-28T10:53:41.207393,Evie,144.572248,-37.722813,"201 Exford Road, Weir Views, VIC, 3338",10.8,12.92,-37.793821,144.5506713
2025-04-28T10:53:43.687148,Evie,144.922268,-37.676814,"1177-1183 Pascoe Vale Road, Melbourne, VIC, 3047",5.29,9.57,-37.6381563,144.9353302
2025-04-28T10:53:46.032605,ChargeFox,145.029635,-37.855584,"290 Glenferrie Road, Melbourne, VIC, 3144",1.18,6.87,-37.8563442,145.0193207
2025-04-28T10:53:49.700484,ChargeFox,145.085511,-37.887755,"1341 Princes Highway, Melbourne, VIC, 3145",2.22,6.2,-37.8822799,145.1001365
2025-04-28T10:53:52.404326,JOLT,145.230453,-37.898589,"1335 Ferntree Gully Road, Melbourne, VIC, 3179",5.49,7.75,-37.8688729,145.2126338
2025-04-28T10:53:55.426511,ChargeFox,144.599737,-37.715307,"Bridge Rd, Cobblebank, VIC, 3338",0.84,4.28,-37.7125512,144.6040773
2025-04-28T10:53:58.794080,Evie,144.922268,-37.676814,"1177-1183 Pascoe Vale Road, Melbourne, VIC, 3047",5.44,10.98,-37.6641298,144.959583
2025-04-28T10:54:00.989756,ChargeFox,144.930032,-37.83076,"481 Plummer Street, Melbourne, VIC, 3207",1.36,3.77,-37.8333613,144.9219203
2025-04-28T10:54:02.892656,ChargeFox,145.142444,-37.72293,"40 Brougham Street, Melbourne, VIC, 3095",7.29,14.93,-37.6733272,145.1588075
2025-04-28T10:54:08.431378,ChargeFox,144.614101,-37.909729,"104 Shipwright Parade, Melbourne, VIC, 3030",5.12,11.07,-37.8800365,144.6170498
2025-04-28T10:54:10.633896,AmpCharge,144.80928,-37.846491,"1 Horsburgh Drive, Melbourne, VIC, 3025",4.17,8.17,-37.8671503,144.8294637
2025-04-28T10:54:12.746854,ChargeFox,145.011346,-37.812423,"620 Victoria Street, Melbourne, VIC, 3121",2.18,5.55,-37.8191777,145.0167539
2025-04-28T10:54:14.920027,Evie,144.782132,-37.696554,"410 Melton Highway, Melbourne, VIC, 3038",4.59,6.9,-37.7062908,144.8039161
2025-04-28T10:54:17.263032,Evie,144.922268,-37.676814,"1177-1183 Pascoe Vale Road, Melbourne, VIC, 3047",1.35,4.02,-37.6804576,144.9123982
2025-04-28T10:54:19.377392,bp pulse,144.993801,-37.647825,"1 Scanlon Drive, Melbourne, VIC, 3076",5.33,8.85,-37.6245646,145.0136597
2025-04-28T10:54:23.736590,Evie,144.922268,-37.676814,"1177-1183 Pascoe Vale Road, Melbourne, VIC, 3047",1.69,5.1,-37.6730847,144.9282577
2025-04-28T10:54:26.339888,bp pulse,144.993801,-37.647825,"1 Scanlon Drive, Melbourne, VIC, 3076",12.32,14.65,-37.603329,144.9253134
2025-04-28T10:54:28.949287,ChargeFox,144.662341,-37.901958,"22 Synnot Street, Melbourne, VIC, 3030",2.26,5.15,-37.907984,144.6416748
2025-04-28T10:54:31.847014,ChargeFox,144.961488,-37.718971,"11 Boundary Road, Melbourne, VIC, 3046",1.35,5.27,-37.7272635,144.9678538
2025-04-28T10:54:35.731560,Evie,145.256979,-38.051221,"75S Lynbrook Boulevard, Melbourne, VIC, 3975",1.13,2.95,-38.0558639,145.2561128
2025-04-28T10:54:38.414663,ChargeFox,144.962027,-37.771481,"1 David Street, Melbourne, VIC, 3056",0.78,4.32,-37.7664715,144.9613103
2025-04-28T10:54:43.090515,Evie,144.572248,-37.722813,"201 Exford Road, Weir Views, VIC, 3338",9.87,13.9,-37.7821653,144.5503709
2025-04-28T10:54:46.191804,ChargeFox,144.967322,-37.742419,"82 Russell Street, Melbourne, VIC, 3058",0.56,3.25,-37.7449752,144.9643314
2025-04-28T10:54:48.013443,ChargeFox,145.142444,-37.72293,"40 Brougham Street, Melbourne, VIC, 3095",7.29,14.93,-37.6733272,145.1588075
2025-04-28T10:54:50.152045,ChargeFox,144.885528,-37.713652,"29-35 Louis Street, Airport West, VIC, 3042",2.79,6.97,-37.7000743,144.8908894
2025-04-28T10:54:52.319153,AmpCharge,145.073586,-37.659606,"377 Plenty Road, Melbourne, VIC, 3082",5.51,10.23,-37.6403391,145.084278
2025-04-28T10:54:57.847343,ChargeFox,144.614101,-37.909729,"104 Shipwright Parade, Melbourne, VIC, 3030",3.05,7.7,-37.8958126,144.6304628
2025-04-28T10:55:00.091051,bp pulse,144.993801,-37.647825,"1 Scanlon Drive, Melbourne, VIC, 3076",3.55,8.17,-37.6523847,145.0315487
2025-04-28T10:55:03.715765,Moose Toys,145.085796,-37.973632,"29 Grange Road, Melbourne, VIC, 3192",4.38,9.1,-37.9715559,145.124582
2025-04-28T10:55:06.121857,ChargeFox,145.135069,-38.151687,"47-49 Moorooduc Hwy, Melbourne, VIC, 3199",5.88,9.25,-38.1353489,145.1666795
2025-04-28T10:55:07.955653,ChargeFox,145.502872,-37.650986,"80 Healesville Kinglake Road, Healesville, VIC, 3777",3.63,6,-37.6635261,145.4817549
2025-04-28T10:55:10.638720,Evie,144.922268,-37.676814,"1177-1183 Pascoe Vale Road, Melbourne, VIC, 3047",4.04,6.9,-37.6601922,144.9408062
2025-04-28T10:55:16.224418,bp pulse,144.739608,-37.756332,"Western Highway, Caroline Springs Boulevard, Melbourne, VIC, 3023",3.4,6.55,-37.7326399,144.733868
2025-04-28T10:55:17.344358,Evie,144.572248,-37.722813,"201 Exford Road, Weir Views, VIC, 3338",10.73,13.12,-37.7852115,144.5605697
2025-04-28T10:55:18.876590,Evie,144.572248,-37.722813,"201 Exford Road, Weir Views, VIC, 3338",10.61,12.93,-37.787905,144.5592084
2025-04-28T10:55:20.705557,ChargeFox,144.959594,-37.815888,"501 Bourke Street, Melbourne, VIC, 3000",0.4,2.47,-37.8142454,144.9631732
2025-04-28T10:55:22.040457,Evie,144.572248,-37.722813,"201 Exford Road, Weir Views, VIC, 3338",11.17,16.78,-37.7853138,144.5406661
2025-04-28T10:55:23.840336,AmpCharge,145.051589,-37.826615,"73 Camberwell Road, Melbourne, VIC, 3123",2.88,7.58,-37.8163364,145.0687942
2025-04-28T10:55:27.826537,Evie,145.213897,-37.831918,"401 Canterbury Road, Melbourne, VIC, 3134",1.11,4.2,-37.8379885,145.2121845
2025-04-28T10:55:31.558385,ChargeFox,144.827103,-37.832834,"494 Grieve Parade, Melbourne, VIC, 3025",3.59,8.02,-37.8119107,144.8154073
2025-04-28T10:55:33.381243,ChargeFox,145.342013,-38.093164,"Matterhorn Dr, Melbourne, VIC, 3978",2.77,4.3,-38.1028681,145.3302814
2025-04-28T10:55:36.147314,AmpCharge,145.23639,-37.90804,"940 Stud Road, Melbourne, VIC, 3178",2.63,4.33,-37.9239267,145.2447672
2025-04-28T10:55:37.297091,Evie,144.572248,-37.722813,"201 Exford Road, Weir Views, VIC, 3338",10.44,12.17,-37.7884948,144.5582739
2025-04-28T10:55:39.447743,ChargeFox,145.083057,-37.884293,"1341 Princes Highway, Melbourne, VIC, 3145",3.25,6.95,-37.876835,145.0658739
2025-04-28T10:55:41.532899,Evie,144.782132,-37.696554,"410 Melton Highway, Melbourne, VIC, 3038",6.06,6.1,-37.7205762,144.8047614
2025-04-28T10:55:45.776748,AmpCharge,145.073586,-37.659606,"377 Plenty Road, Melbourne, VIC, 3082",10.74,19.08,-37.5979507,145.0753657
2025-04-28T10:55:48.392986,bp pulse,145.264097,-38.110217,"1025 Cranbourne Frankston Road, Melbourne, VIC, 3977",2.28,7.33,-38.102241,145.2517182
2025-04-28T10:55:51.066744,Evie,144.729187,-37.581831,"98-122 O'Shanassy Street, Sunbury, VIC, 3429",1.51,4.42,-37.5772947,144.7161349
2025-04-28T10:55:53.404641,ChargeFox,145.135069,-38.151687,"47-49 Moorooduc Hwy, Melbourne, VIC, 3199",5.14,7.67,-38.1379689,145.1628252
2025-04-28T10:55:56.454766,ChargeFox,145.18965,-37.936361,"271 Police Road, Melbourne, VIC, 3170",1.88,5.6,-37.9359053,145.2051222
2025-04-28T10:55:58.803465,bp pulse,144.739608,-37.756332,"Western Highway, Caroline Springs Boulevard, Melbourne, VIC, 3023",11.67,18.38,-37.705345,144.6794568
2025-04-28T10:56:02.751375,Evie,144.89418,-37.802342,"38 Raleigh Street, Melbourne, VIC, 3011",1.76,4.25,-37.8054508,144.879879
2025-04-28T10:56:04.948756,bp pulse,144.993801,-37.647825,"1 Scanlon Drive, Melbourne, VIC, 3076",5.31,10.18,-37.6755673,144.9898056
2025-04-28T10:56:06.805401,ChargeFox,145.120516,-37.817982,"1 Main Street, Melbourne, VIC, 3128",2.03,6.68,-37.8148997,145.1062282
2025-04-28T10:56:08.902721,ChargeFox,145.050275,-37.936956,"488 South Road, Melbourne, VIC, 3189",6.6,13.65,-37.9502592,145.0043868
2025-04-28T10:56:11.063882,ChargeFox,144.614101,-37.909729,"104 Shipwright Parade, Melbourne, VIC, 3030",0.56,2.63,-37.9110402,144.6113082
2025-04-28T10:56:13.855136,ChargeFox,145.342013,-38.093164,"Matterhorn Dr, Melbourne, VIC, 3978",7.73,12.68,-38.0398297,145.3451089
2025-04-28T10:56:17.173666,ChargeFox,145.142444,-37.72293,"40 Brougham Street, Melbourne, VIC, 3095",1.71,5.35,-37.713736,145.147673
2025-04-28T10:56:19.740348,AmpCharge,145.296273,-37.823223,"Gatwick Rd, Melbourne, VIC, 3153",5.46,7.7,-37.8054372,145.3280915
2025-04-28T10:56:22.183565,Evie,145.182558,-38.088428,"1095 Frankston Dandenong Road, Melbourne, VIC, 3201",2.4,5.32,-38.1003312,145.1788657
2025-04-28T10:56:24.230891,Evie,144.993264,-37.804475,"7-11 Stanton Street, Melbourne, VIC, 3067",0.67,4.03,-37.8045508,144.9988542
2025-04-28T11:06:25.919971,bp pulse,144.898079,-37.534418,"470 Donnybrook Road, Melbourne, VIC, 3064",10.55,15.48,-37.5442344,145.0076408
2025-04-28T11:06:28.908354,JOLT,145.041463,-37.956312,"322 Bay Road, Melbourne, VIC, 3192",4.09,7.02,-37.9706564,145.0212822