datetime,tempmax,tempmin,temp,humidity,precip,precipprob,precipcover,preciptype,snow,snowdepth,windgust,windspeed,windspeedmax,windspeedmean,windspeedmin
2016-09-01,16.7,11.7,13.9,80.1,0.348,100,4.17,rain,0,0,53.6,26.9,26.9,20.8,14.3
2016-09-02,17.2,12.3,14.8,84.2,1.75,100,16.67,rain,0,0,50,25.3,25.3,18.2,10.8
2016-09-03,17.4,11.3,14,86.4,0.894,100,12.5,rain,0,0,32,17.4,17.4,9.8,2.7
2016-09-04,18.9,11.9,14.9,86.7,3.137,100,12.5,rain,0,0,15.5,12.5,12.5,6.4,3.1
2016-09-05,19.6,11.7,15.6,89.6,0.585,100,4.17,rain,0,0,50,17,17,9.3,3
2016-09-06,21.2,15.3,19,87.4,1.08,100,16.67,rain,0,0,51.8,26.4,26.4,16.9,5.5
2016-09-07,22.2,15.5,18.4,86.4,2.271,100,12.5,rain,0,0,34.2,14.9,14.9,8.1,3.5
2016-09-08,18.4,13.1,15.7,88.5,7.053,100,12.5,rain,0,0,57.6,30.5,30.5,14.5,6.1
2016-09-09,16.5,12.2,14.8,86.3,5.031,100,16.67,rain,0,0,59.9,30.5,30.5,16.7,2.7
2016-09-10,17.3,10.8,13.1,76,2.971,100,4.17,rain,0,0,56.2,21.8,21.8,15.6,7.6
2016-09-11,17.3,10.6,14.1,72.6,0,0,0,,0,0,50,25.3,25.3,17.2,10.2
2016-09-12,21.4,15.4,18.1,76.6,0.218,100,8.33,rain,0,0,55.4,22.1,22.1,17.3,10.4
2016-09-13,19.5,14.6,17.5,89.6,3.533,100,12.5,rain,0,0,36,14.4,14.4,7.7,3.9
2016-09-14,15.8,13.9,14.7,91.7,3.673,100,8.33,rain,0,0,37.8,17.9,17.9,13,8.4
2016-09-15,19.6,13.2,15.5,93.5,0.081,100,8.33,rain,0,0,33.5,9.6,9.6,5.8,2.5
2016-09-16,18.1,10.4,14.3,81.3,0.664,100,8.33,rain,0,0,36.4,17.5,17.5,12.9,5.4
2016-09-17,17.7,7.6,12.4,82.7,0,0,0,,0,0,22.7,14.4,14.4,8.8,5.7
2016-09-18,17.1,9.3,13.2,87.5,0.05,100,4.17,rain,0,0,39.6,20.8,20.8,11.6,4.9
2016-09-19,16.9,7.7,12.7,79.9,0.026,100,4.17,rain,0,0,22.7,10.8,10.8,7.5,3.6
2016-09-20,16,6.7,12.2,77.7,0,0,0,,0,0,25.2,15.8,15.8,6.1,2.3
2016-09-21,16.7,5,11.4,85.2,1.695,100,4.17,rain,0,0,43.9,17.3,17.3,8.2,1.6
2016-09-22,15.4,10.4,12.7,78.9,2.269,100,12.5,rain,0,0,44.6,23.2,23.2,13.1,2.8
2016-09-23,15.2,8.3,12.1,80.4,1.857,100,8.33,rain,0,0,60.1,31.4,31.4,18.2,9.7
2016-09-24,17.8,14.2,16.1,79.1,3.445,100,12.5,rain,0,0,62.6,31.5,31.5,23,11.7
2016-09-25,15.4,9,12.9,79.3,3.254,100,12.5,rain,0,0,55.1,27.7,27.7,16.8,8
2016-09-26,13.9,6.1,10.3,87.2,0.885,100,12.5,rain,0,0,32.4,15.3,15.3,8.1,2.8
2016-09-27,16.2,8.1,13.2,80.5,1.417,100,12.5,rain,0,0,68.2,41,41,22.7,2.3
2016-09-28,18.1,12.7,15.1,82.9,2.566,100,12.5,rain,0,0,72.6,40,40,27.3,10.2
2016-09-29,15.2,9.8,12,80.4,4.987,100,12.5,rain,0,0,78.5,44.8,44.8,31,13.1
2016-09-30,13,6.1,9.9,86.4,2.623,100,12.5,rain,0,0,48.2,22.5,22.5,16.1,4.3
2016-10-01,13.2,2.3,7.6,89.1,0.154,100,8.33,rain,0,0,24.5,14.3,14.3,5.9,2.3
2016-10-02,13.7,1.8,7.1,85.6,0.119,100,8.33,"rain,snow",0,0,20.2,9.6,9.6,5.6,2.3
2016-10-03,15.3,1.8,8.3,83.6,0.044,100,4.17,rain,0,0,33.1,14.9,14.9,7.6,2.3
2016-10-04,16.4,5.6,11.5,85.6,0,0,0,,0,0,37.8,17.5,17.5,11,4
2016-10-05,15.8,9.7,12.6,77.5,0,0,0,,0,0,48.2,24.6,24.6,15,8.6
2016-10-06,14.3,6.7,10.5,80.7,0,0,0,,0,0,45.4,23.6,23.6,14,5.3
2016-10-07,13,10.3,11.4,81.3,0,0,0,,0,0,46.4,17.8,17.8,12.2,8.6
2016-10-08,13.8,5.6,10.5,83.8,0,0,0,,0,0,26.3,15.8,15.8,7.4,1.8
2016-10-09,13.4,2.8,7.5,87.8,0.146,100,8.33,rain,0,0,16.9,9.3,9.3,4.4,2.5
2016-10-10,11.6,1.6,6.3,91.8,0.101,100,8.33,rain,0,0,36.7,12.2,12.2,5.6,1.9
2016-10-11,11.8,7.3,9.8,89,1.869,100,16.67,rain,0,0,41.8,21.2,21.2,13.2,4.6
2016-10-12,11.1,8.6,9.7,87.7,1.039,100,12.5,rain,0,0,40.3,17.8,17.8,11.5,7.1
2016-10-13,12,8.3,9.7,87.6,3.183,100,16.67,rain,0,0,48.2,23.1,23.1,13.3,6.3
2016-10-14,11.8,9.2,10.1,90,6.466,100,16.67,rain,0,0,51.8,17.6,17.6,13.6,9.6
2016-10-15,12.4,7.6,10.4,94.8,4.769,100,12.5,rain,0,0,51.8,22.1,22.1,12.8,2.8
2016-10-16,12.5,5.6,9.4,90.7,1.714,100,12.5,rain,0,0,49,18.1,18.1,11.1,3.8
2016-10-17,13.2,9.9,11.1,86.4,3.272,100,16.67,rain,0,0,49,23.9,23.9,16.1,10.7
2016-10-18,11.3,4.8,8.6,83.2,6.369,100,12.5,rain,0,0,59.4,21.3,21.3,14.7,9
2016-10-19,12.7,6.3,9.1,84,0.045,100,4.17,rain,0,0,28.8,11.4,11.4,7.9,3.8
2016-10-20,12.5,4.2,8.1,89.2,0.091,100,4.17,rain,0,0,12.6,6.2,6.2,3.5,0.9
2016-10-21,11.3,4.9,7.6,93.6,0.101,100,4.17,rain,0,0,16.2,7,7,3.6,0.9
2016-10-22,10.5,3.4,6.6,94,0.959,100,12.5,rain,0,0,37.1,11.1,11.1,5.1,1.9
2016-10-23,9.1,5.6,7.1,89.5,1.876,100,8.33,rain,0,0,35.3,17.6,17.6,9.2,4.6
2016-10-24,9.7,4.1,6.3,93,1.436,100,8.33,rain,0,0,28.1,10.3,10.3,5.6,2.5
2016-10-25,10.9,3,6.7,90.7,0.089,100,12.5,rain,0,0,26.6,10.2,10.2,4.6,1.5
2016-10-26,14,10,11.5,83.6,0.198,100,8.33,rain,0,0,64.8,30.8,30.8,22.4,14
2016-10-27,13.4,9.7,12.1,85,0.228,100,8.33,rain,0,0,58.6,34.2,34.2,25.7,17
2016-10-28,12.5,5.9,9.6,75.8,0.151,100,4.17,rain,0,0,50,25.7,25.7,15.9,7.8
2016-10-29,13.5,4.2,9.6,93.1,0.05,100,8.33,rain,0,0,24.5,15.8,15.8,8.2,3.3
2016-10-30,13.9,10.3,11.5,87.1,0.081,100,8.33,rain,0,0,27.7,18.3,18.3,11.3,6.1
2016-10-31,13.8,8.8,11.1,89.3,0.101,100,4.17,rain,0,0,29.5,13.5,13.5,11.3,7
2016-11-01,9.9,2.2,5.9,81.4,4.077,100,4.17,rain,0,0,31.3,14.2,14.2,9,4
2016-11-02,9.3,3,5.5,81.2,0.01,100,4.17,rain,0,0,29.9,14.4,14.4,10.3,4.1
2016-11-03,8.9,2.9,6.7,91.1,0.714,100,8.33,rain,0,0,36.4,18.5,18.5,11.6,4.6
2016-11-04,8.3,2.6,5.5,85.1,0.472,100,12.5,rain,0,0.3,35.6,15.5,15.5,10.8,5
2016-11-05,6.9,3.3,5,71.1,0.246,100,4.17,rain,0,0,59.4,21.8,21.8,14.4,7.8
2016-11-06,7.4,1.9,5.1,74.5,0.036,100,4.17,rain,0,0,50,22.4,22.4,14.8,4.2
2016-11-07,7.1,1.6,4.4,74.4,0,0,0,,0,0,29.2,14.2,14.2,8.2,4.8
2016-11-08,4.4,1,2.9,82.7,0.12,100,4.17,rain,0,0.1,19.1,9.6,9.6,5,1.7
2016-11-09,3.8,1.9,2.8,92.6,2.158,100,12.5,rain,0.5,0.4,16.9,9.8,9.8,5.1,2.4
2016-11-10,7.7,-0.1,3.4,87.9,4.956,100,8.33,rain,0,0,33.8,15.7,15.7,8.1,2
2016-11-11,8,-2.7,2.8,89.4,0.018,100,4.17,rain,0,0,53.6,14.7,14.7,7.8,2.3
2016-11-12,10.9,3,8.1,89.1,3.786,100,12.5,rain,0,0,53.6,18.3,18.3,13.4,7.1
2016-11-13,10.6,1.4,6.1,93.5,2.462,100,12.5,"rain,snow",0,0,50,22.9,22.9,12.6,4.3
2016-11-14,14,10.6,12.8,91.7,1.381,100,4.17,rain,0,0,53.6,29.4,29.4,23.9,17.4
2016-11-15,13.6,8.1,10.4,81.3,0.081,100,8.33,rain,0,0,59.4,33.5,33.5,22,13.4
2016-11-16,9.8,3.8,6.7,83.5,2.598,100,16.67,rain,0,0,65.3,38.1,38.1,26.6,15.8
2016-11-17,4.4,1.9,3.3,91,9.775,100,12.5,rain,0,0,53.6,24.3,24.3,15.4,7.9
2016-11-18,4.3,-1.1,0.9,92.8,0.774,100,16.67,"rain,snow",0,0.4,23.8,12,12,9,4.7
2016-11-19,4.7,-1.5,0.8,92.9,0.331,100,12.5,"rain,snow",0,0,20.9,14.5,14.5,9.4,2.3
2016-11-20,2,-1.8,-0.2,96,0.053,100,8.33,"rain,snow",0,0.5,13.7,8.5,8.5,5.1,2
2016-11-21,4.8,-4.6,-1.1,92.5,0.036,100,4.17,"rain,snow",0,0.1,50.8,24.3,24.3,8.7,3.4
2016-11-22,6.5,0.5,4.4,81.4,1.987,100,12.5,rain,0,0,57.9,26,26,14.3,4.8
2016-11-23,5.3,-3.8,-0.8,90.6,0.111,100,4.17,"rain,snow",0,0,15.5,7.4,7.4,4.4,0.9
2016-11-24,3.3,-5.6,-2.6,91.4,0.053,100,4.17,"rain,snow",0,1.3,14.8,6,6,4,2.6
2016-11-25,4.8,-5.1,-1.1,91.8,0.192,100,8.33,"rain,snow",0,0.1,20.2,11.5,11.5,6.8,2.8
2016-11-26,6.9,-1.5,2.4,94.4,0.018,100,4.17,rain,0,0,16.2,7.2,7.2,4.6,1.9
2016-11-27,6.4,2.3,4.6,89.2,0.191,100,12.5,rain,0,0,15.1,10.6,10.6,5,2.4
2016-11-28,5.2,0.7,2.3,93,0.183,100,12.5,"rain,snow",0,0,13.3,7.2,7.2,3.9,2
2016-11-29,7.2,1.5,5.3,82.4,0.008,100,4.17,rain,0,0,37.4,23.9,23.9,16.4,5.2
2016-11-30,9.9,4.6,7.8,76.7,0,0,0,,0,0,50,24.9,24.9,19.5,15
2016-12-01,11.4,6.4,9.3,72,0,0,0,,0,0,38.2,23.8,23.8,15.4,4.9
2016-12-02,8.3,1.4,4.2,93,0,0,0,,0,0,19.1,8.4,8.4,4.1,1.4
2016-12-03,5.8,1,2.7,97.6,0.355,100,12.5,"rain,snow",0,0,9,5.8,5.8,3.5,2
2016-12-04,4.5,-3,1.5,90,0.053,100,8.33,"rain,snow",0,0,11.9,7.7,7.7,3.8,1.5
2016-12-05,0.1,-5,-2.8,96.8,0,0,0,,0,0.8,13.3,4.4,4.4,3.1,1.9
2016-12-06,7.2,-2,1.4,98.7,0.312,100,8.33,"rain,snow",0,0,31.7,6.8,6.8,3.6,1.3
2016-12-07,14.3,7,12.3,88.7,5.061,100,12.5,rain,0,0,70.6,37.5,37.5,25.2,11.4
2016-12-08,11.6,7,9.9,88.7,1.029,100,4.17,rain,0,0,54,28,28,18.2,9.7
2016-12-09,12.8,6.4,10.4,89.2,2.389,100,8.33,rain,0,0,55.4,27.5,27.5,15.9,4.2
2016-12-10,10,6.2,8.5,85.4,0.556,100,8.33,rain,0,0,52.4,32.3,32.3,22.4,16.5
2016-12-11,9.7,6.2,8.1,84.8,0.06,100,4.17,rain,0,0,37.1,24.6,24.6,18.4,12.4
2016-12-12,8.4,4,6.7,89.4,0,0,0,,0,0,25.2,10.9,10.9,6.3,3.2
2016-12-13,7.4,1.8,4.9,95.8,0.241,100,4.17,rain,0,0,27,11,11,6.7,2.1
2016-12-14,12.4,6.3,9.2,89.5,1.64,100,16.67,rain,0,0,38.9,20.9,20.9,12.5,4.1
2016-12-15,10.2,6.3,8,91.4,0.161,100,12.5,rain,0,0,27,12.1,12.1,7.8,3.8
2016-12-16,9.4,3.6,7.4,92.5,2.299,100,16.67,rain,0,0,25.6,12.2,12.2,7,2.5
2016-12-17,7.6,3,5.7,87.1,0.018,100,8.33,rain,0,0,46.4,26.1,26.1,18.8,9.8
2016-12-18,9.2,7.2,8.2,90,0.807,100,4.17,rain,0,0,38.2,21.9,21.9,17.6,11.1
2016-12-19,9,-0.5,6.1,89.9,0,0,0,,0,0,46.4,18.7,18.7,12.3,3.9
2016-12-20,7.8,-2.2,3,92,0.254,100,12.5,"rain,snow",0,0,57.6,29.4,29.4,14.6,2.9
2016-12-21,6.5,2.7,4.2,87.4,12.203,100,12.5,rain,0,0,66.1,34.7,34.7,22.3,13
2016-12-22,5.3,2.9,4.2,87.5,15.401,100,16.67,rain,0,0,63.2,35.7,35.7,25.6,17.4
2016-12-23,9.9,3.7,6.6,83.9,11.828,100,12.5,rain,0,0,81.7,45.7,45.7,28.5,12.3
2016-12-24,7.7,3.4,5.2,85.7,10.1,100,16.67,rain,0,0,80.8,41.1,41.1,29.6,21.5
2016-12-25,12.4,4.8,10.1,84.9,1.553,100,16.67,rain,0,0,84.5,42,42,34.6,23.5
2016-12-26,5.9,2.3,4.2,81,10.371,100,16.67,rain,0,0.3,80.3,37.2,37.2,28.8,18.6
2016-12-27,6.6,4.5,5.6,81.5,0,0,0,,0,0.6,36,23.2,23.2,18,7.5
2016-12-28,7.9,4.7,6.5,85.2,0,0,0,,0,0.3,36.4,19.1,19.1,14.3,10
2016-12-29,8.7,5.5,7.2,84.2,0,0,0,,0,0,53.6,27,27,18.5,13.2
2016-12-30,11.8,8.8,11,83.5,0,0,0,,0,0,68.4,31.5,31.5,26.1,21.2
2016-12-31,11.7,5,9.7,82.6,1.813,100,8.33,rain,0,0,69.7,39.7,39.7,28.3,5.1
2017-01-01,5.2,0.8,3.2,77.1,1.706,100,12.5,"rain,snow",0,0,48.2,22.7,22.7,11.2,5.1
2017-01-02,4.9,-1,1.9,81.2,0,0,0,,0,0,33.1,18.3,18.3,13.6,7
2017-01-03,9.2,4.1,7.2,81,0,0,0,,0,0,54.3,30.4,30.4,22.9,16
2017-01-04,8.3,0.2,4,65.9,0,0,0,,0,0,44.6,14.7,14.7,10.2,4.4
2017-01-05,2.2,-5.1,-1.2,85.7,0.01,100,4.17,"rain,snow",0,0,28.8,8.5,8.5,5.1,2.2
2017-01-06,9.7,2.3,6.7,92.6,1.229,100,8.33,rain,0,0,51.8,19.1,19.1,13.3,7.9
2017-01-07,8.2,3.5,6,96.5,0.209,100,16.67,rain,0,0,27.4,13.5,13.5,8.4,4.9
2017-01-08,10.2,7.2,8.8,92.1,0.119,100,12.5,rain,0,0,40,23.5,23.5,16.2,9.7
2017-01-09,10.6,4.4,6.7,87.5,5.97,100,12.5,rain,0,0,63.3,35.1,35.1,27,20.7
2017-01-10,9,4.4,7,81.7,2.933,100,12.5,rain,0,0,56.3,35,35,24,19.3
2017-01-11,10.3,2.1,5.2,75.2,1.602,100,16.67,rain,0,0.1,88.6,50.9,50.9,35.9,26.7
2017-01-12,2.1,-1.4,0.7,87.5,0.841,100,12.5,"rain,snow",0,2.6,51.8,28,28,19.1,6.1
2017-01-13,3.9,-1.8,1.4,73.1,0.494,100,8.33,"rain,snow",0,9.4,62.4,34.1,34.1,17.6,7.7
2017-01-14,4.6,-1.8,1.5,82.2,0.008,100,4.17,"rain,snow",0,4.5,31,17.6,17.6,10.9,5.1
2017-01-15,9.5,3.1,7,94.4,2.473,100,12.5,rain,0,0.2,34.6,17.9,17.9,10.5,5.4
2017-01-16,10.5,7.3,8.5,92.7,0.41,100,8.33,rain,0,0,20.5,13.5,13.5,10.4,6.4
2017-01-17,10.9,8.3,9.6,93.5,0.053,100,8.33,rain,0,0,30.2,19.3,19.3,15.7,13.1
2017-01-18,8.6,7.3,8.1,85.6,0.016,100,4.17,rain,0,0,39.6,23.9,23.9,18.3,14.3
2017-01-19,8.4,6.5,7.2,83.4,0,0,0,,0,0,25.9,18.8,18.8,14.8,11.3
2017-01-20,6.4,3.2,5,89.6,0.01,100,4.17,rain,0,0,17.6,11.5,11.5,8.5,3.6
2017-01-21,2.6,-0.4,1.2,96.8,0.018,100,4.17,"rain,snow",0,0,10.4,6.4,6.4,3.4,1.7
2017-01-22,3.1,0.4,1.8,95.5,0.165,100,12.5,"rain,snow",0,0.1,18.7,13.5,13.5,6.9,1.1
2017-01-23,5.3,0.7,3.5,85.9,0.008,100,4.17,rain,0,0,30.2,13.6,13.6,10.7,6.4
2017-01-24,9.7,5,8.2,88.2,0.26,100,8.33,rain,0,0,57.6,25.7,25.7,18,12.4
2017-01-25,10,5.4,8.6,77.3,0.343,100,4.17,rain,0,0,56.3,29.7,29.7,22.1,8.8
2017-01-26,4.6,-3.6,0.7,83.8,0,0,0,,0,0,25.6,13.5,13.5,7.1,2.4
2017-01-27,2.3,-4.7,-1.2,89.2,0.044,100,4.17,"rain,snow",0,0.6,51.8,7.6,7.6,4.5,2.1
2017-01-28,3.1,1.2,1.8,96,6.593,100,16.67,"rain,snow",1.7,1.4,31,20.3,20.3,8.1,0.9
2017-01-29,6,-1.9,1.7,91.7,0.444,100,8.33,"rain,snow",0,1.2,29.9,16.4,16.4,8.6,2.3
2017-01-30,5.3,-2.7,1,92.4,0.192,100,8.33,rain,0,0.7,33.5,12.4,12.4,6.9,1.8
2017-01-31,7.5,4.4,6.1,90.8,3.942,100,16.67,rain,0,0.6,46.4,16.7,16.7,10.9,2.1
2017-02-01,9.1,3.6,6.2,93.2,0.351,100,12.5,rain,0,0.4,33.8,13.7,13.7,7,2.3
2017-02-02,11.1,7.7,9.4,83.2,0.888,100,12.5,rain,0,0.1,63.3,29,29,16.9,8.7
2017-02-03,10.5,6.5,8.2,78.2,1.268,100,12.5,rain,0,0,69.1,30.1,30.1,18.4,9.8
2017-02-04,7.2,3.3,4.8,86.8,7.849,100,16.67,rain,0,0,54,30.4,30.4,18.6,6.6
2017-02-05,4.9,0.3,2.9,88.8,1.36,100,12.5,rain,0,0,22.3,10.6,10.6,6.6,2.2
2017-02-06,6,-1.7,2,89.2,0.623,100,12.5,"rain,snow",0.1,0.1,50,20.7,20.7,11.1,2
2017-02-07,4.1,1.9,2.8,95.7,14.049,100,16.67,rain,1,0.7,46.4,14.2,14.2,6.3,3.1
2017-02-08,5.3,1.6,3.4,89.6,0.276,100,12.5,rain,0,0.3,31,13.6,13.6,8.3,2.7
2017-02-09,3.5,1.2,2.3,82.2,0.072,100,4.17,rain,0,0,50,14.7,14.7,10.6,6
2017-02-10,2.4,-0.5,1.1,88.1,1.446,100,12.5,"rain,snow",0.4,0.4,29.5,16.3,16.3,7.9,3.6
2017-02-11,4,-0.4,2.5,84.7,1.636,100,8.33,rain,0,0.2,60,29.7,29.7,19.8,8.3
2017-02-12,3.9,2.7,3.3,78.8,0.793,100,12.5,rain,0,0,59.2,32.1,32.1,27.5,22.6
2017-02-13,5.5,3.8,4.7,86.2,0.43,100,4.17,rain,0,0,53.6,25.8,25.8,21.9,16.4
2017-02-14,7.7,4.1,5.6,83.3,0,0,0,,0,0,46.1,25,25,15.8,2.6
2017-02-15,8.4,4.3,6.3,90.8,0.094,100,12.5,rain,0,0,34.2,18.1,18.1,6.7,2.1
2017-02-16,9.6,5.6,8.2,85.8,0.846,100,12.5,rain,0,0,53.6,31,31,23.6,10.1
2017-02-17,8.2,0.6,5.1,92.2,0.155,100,4.17,rain,0,0,21.2,8.8,8.8,5.1,2.7
2017-02-18,11,7.6,9.4,87.6,0.874,100,16.67,rain,0,0,50.3,30,30,21.8,6.2
2017-02-19,11,7.8,9.5,88.1,0.034,100,12.5,rain,0,0,53.6,29.1,29.1,23.8,16
2017-02-20,13.5,7.1,10.5,77.3,0.181,100,8.33,rain,0,0,65.3,39.3,39.3,29.7,19
2017-02-21,10.5,5.5,7.9,81.8,0.794,100,4.17,rain,0,0,66.8,36.2,36.2,25.5,15.7
2017-02-22,8.8,4.1,6.1,72.3,2.573,100,8.33,rain,0,0,66.1,38.3,38.3,26,7.5
2017-02-23,3.9,1.5,2.5,91.6,17.72,100,16.67,"rain,snow",7.8,1.6,60.6,31.3,31.3,16.2,4.1
2017-02-24,6.3,-0.1,3.3,86,0.488,100,12.5,"rain,snow",0,0.4,50,20.3,20.3,12.5,6.4
2017-02-25,11.1,4.8,7.9,84.3,7.305,100,12.5,rain,0,0,76.8,41.5,41.5,25.3,9.7
2017-02-26,9.4,4.2,6.4,85.5,10.539,100,12.5,rain,0,0,74.4,38.1,38.1,23.7,9.6
2017-02-27,6,0.1,3.3,80,1.966,100,12.5,rain,0,0.1,46.4,22.7,22.7,10.6,3.8
2017-02-28,7.5,-1.6,2.4,78.3,0.034,100,4.17,rain,0,0.2,24.8,13.4,13.4,9.8,6.4
2017-03-01,7.6,0,2.7,78.4,0.01,100,4.17,rain,0,0.9,26.6,14.5,14.5,11,7.8
2017-03-02,8.4,-1.1,3.5,78.2,0.152,100,8.33,rain,0,0.1,55.4,31.5,31.5,21.6,8.8
2017-03-03,5.8,-2.2,2.7,88.5,0.153,100,8.33,rain,0,0,38.9,20.1,20.1,11.5,1.8
2017-03-04,5.7,4,4.7,96.4,13.167,100,16.67,rain,0,0.2,53.6,25.5,25.5,13.8,2.1
2017-03-05,8.2,0.4,4.5,91.9,3.593,100,12.5,rain,0,0,13.7,7.9,7.9,5,1.8
2017-03-06,9.1,0.3,4.6,89.2,0.689,100,12.5,rain,0,0,20.2,9.3,9.3,5.8,2.2
2017-03-07,8.4,0.7,4.7,85,0.357,100,8.33,rain,0,0,35.3,18.2,18.2,11.4,5.9
2017-03-08,9.8,5.3,7.2,83,2.431,100,12.5,rain,0,0,75.6,41.3,41.3,24.3,10
2017-03-09,10.8,3.6,7.3,73.1,4.074,100,8.33,rain,0,0,57.6,26.5,26.5,16.4,4.6
2017-03-10,7.8,1.7,5.2,91.2,0.335,100,4.17,rain,0,0,19.8,7.5,7.5,5,2.3
2017-03-11,11.8,8.1,9.6,89.4,0.935,100,12.5,rain,0,0,25.9,18.5,18.5,9.3,2.6
2017-03-12,11.7,5.8,8.7,88.9,0.582,100,16.67,rain,0,0,34.6,19.9,19.9,11,1.8
2017-03-13,12,4.5,8.8,75.9,0.016,100,4.17,rain,0,0,51.8,30.8,30.8,22.9,14.7
2017-03-14,11.8,6.2,9.9,72.1,0.079,100,12.5,rain,0,0,79.9,52,52,33.5,19.3
2017-03-15,12,5.7,8.7,78.3,0.046,100,4.17,rain,0,0,58.4,34.1,34.1,22.9,15
2017-03-16,11.1,3.6,8.2,78.8,0.745,100,8.33,rain,0,0,70,41,41,26.2,16.5
2017-03-17,9.3,3.3,6.6,89.7,2.196,100,16.67,rain,0,0,57.6,32.2,32.2,23.4,15.4
2017-03-18,9.3,3.6,7.2,91.5,3.662,100,12.5,rain,0,0,46.4,16.6,16.6,9.9,3.9
2017-03-19,11.9,5,9.1,81.6,4.717,100,12.5,rain,0,0,59.4,33.9,33.9,22.4,6.2
2017-03-20,8.2,3.4,5.9,80.5,2.614,100,12.5,rain,0,0,69.5,36,36,24.1,6.5
2017-03-21,4.9,-0.9,2.6,85,3.007,100,16.67,"rain,snow",0,0.5,72.4,36.2,36.2,25.3,5.7
2017-03-22,6.2,-3,1.9,84.9,1.065,100,8.33,rain,0,0.5,57.6,32,32,16.8,2.6
2017-03-23,7.2,3,5.3,77.4,1.537,100,8.33,rain,0,0,56.9,28.7,28.7,18.4,3.4
2017-03-24,11.6,-1.6,5,76.9,0.101,100,4.17,rain,0,0,28.4,15.4,15.4,8.6,3.8
2017-03-25,16.1,1.6,8.3,60.6,0,0,0,,0,0,26.3,15.5,15.5,9.8,3.3
2017-03-26,14.4,-0.7,6.4,77.1,0,0,0,,0,0,24.8,14.4,14.4,6.8,2
2017-03-27,13.2,0.2,6.4,81,0,0,0,,0,0,27,16.7,16.7,8.7,1.6
2017-03-28,8.5,5.1,6.7,89.7,0.111,100,8.33,rain,0,0,18.4,14.1,14.1,7.2,2.9
2017-03-29,10.5,6.3,8.3,95.1,2.432,100,16.67,rain,0,0,30.2,16.4,16.4,7.9,2.6
2017-03-30,13.8,9.7,11.7,87.4,1.613,100,16.67,rain,0,0,45,19,19,12.1,4.5
2017-03-31,13.1,10.2,11.7,84.3,5.071,100,8.33,rain,0,0,68.4,33.5,33.5,17.6,5.8
2017-04-01,14.2,8.6,10.5,79.7,2.469,100,12.5,rain,0,0,50,20.2,20.2,12.2,6.2
2017-04-02,13.2,3.3,8.3,72.6,0,0,0,,0,0,36.4,22,22,12.6,7.4
2017-04-03,11.9,3.7,8.2,79,0.221,100,4.17,rain,0,0,66.6,30.9,30.9,17.1,6.1
2017-04-04,11.4,5.9,9.3,70.4,0.595,100,8.33,rain,0,0,57.9,33.9,33.9,24.1,14.2
2017-04-05,11.9,6.6,9.3,66.5,0,0,0,,0,0,53.6,27,27,20.2,10
2017-04-06,13.6,4.4,9.3,76,0,0,0,,0,0,49,28.1,28.1,19.2,9.3
2017-04-07,12.3,7.1,9.4,76.6,0,0,0,,0,0,32,20.9,20.9,16.9,14
2017-04-08,15.4,4.2,9.6,71.1,0,0,0,,0,0,30.6,20.7,20.7,12.7,5.9
2017-04-09,14,3.1,8.6,78.8,0.052,100,4.17,rain,0,0,53.6,29.1,29.1,15.8,2.6
2017-04-10,12.7,5.4,8.6,64.5,0.06,100,8.33,rain,0,0,48.2,27.1,27.1,18.1,12.6
2017-04-11,11.3,6.2,9.1,77.1,0,0,0,,0,0,72.9,41.5,41.5,29,18
2017-04-12,12.7,6.6,9.8,67.2,0.046,100,12.5,rain,0,0,58.8,33,33,26.3,14.7
2017-04-13,11.9,3.6,7.8,72.3,0.058,100,8.33,rain,0,0,50,26.7,26.7,19.4,12
2017-04-14,10.3,5.8,7.9,77.6,0.521,100,16.67,rain,0,0,48.2,24.2,24.2,16.4,10.1
2017-04-15,9.9,4,6.7,68.1,0.044,100,12.5,rain,0,0,53.6,27.1,27.1,20.4,13.8
2017-04-16,8.5,4.4,6.1,78.4,1.362,100,8.33,rain,0,0,29.9,16.9,16.9,11.6,4.4
2017-04-17,11.1,2.7,6.7,70.4,0.101,100,4.17,rain,0,0,39.6,20.8,20.8,8.8,3
2017-04-18,9.4,-3.1,4,70.4,0,0,0,,0,0,20.2,14.2,14.2,6.9,2.5
2017-04-19,14.3,5.5,9.4,69.9,0.008,100,4.17,rain,0,0,32.4,23.3,23.3,15.5,4.7
2017-04-20,14.6,9.5,11.9,76,0.008,100,4.17,rain,0,0,47.9,26.2,26.2,19.7,13.7
2017-04-21,13.9,5.6,11.1,71.7,0.421,100,12.5,rain,0,0,55.4,28.7,28.7,20.2,6.5
2017-04-22,11.1,2.2,7.1,62.2,0,0,0,,0,0,30.6,14,14,9,4.7
2017-04-23,12.5,1.2,7.7,68,0,0,0,,0,0,49.8,29.3,29.3,16.4,2.5
2017-04-24,8.9,2.2,6.6,61.5,0.374,100,8.33,rain,0,0,66.3,33.5,33.5,20.1,8.2
2017-04-25,7.7,0.6,4.6,63.6,0.289,100,12.5,"rain,snow",0,0.5,59.4,28,28,17.9,8.7
2017-04-26,9.2,1.1,5.5,57.9,0,0,0,,0,0,38.9,13.2,13.2,10.2,5.7
2017-04-27,13.2,6.5,9.5,65.2,0.085,100,4.17,rain,0,0,49.3,21.6,21.6,16.2,10
2017-04-28,11.3,3.1,7.6,71.4,0.184,100,8.33,rain,0,0,23.4,13.3,13.3,6.9,2.8
2017-04-29,11.7,6.4,9,71.7,0.115,100,8.33,rain,0,0,38.5,20.5,20.5,11.4,3.7
2017-04-30,12.9,7.5,10,70.6,0,0,0,,0,0,59.4,35.1,35.1,22.4,10.4
2017-05-01,11.6,8.1,9.5,81.2,0,0,0,,0,0,50.4,26.3,26.3,19.8,14.7
2017-05-02,11.6,7.5,9.3,82,0,0,0,,0,0,35.3,19.4,19.4,14.1,9.3
2017-05-03,15.9,6.5,10.3,65.7,0,0,0,,0,0,51.8,27,27,16.4,10.4
2017-05-04,13.5,4.7,8.7,73.1,0,0,0,,0,0,49.8,32.2,32.2,18.4,10.6
2017-05-05,14.4,2.4,8.9,70.3,0,0,0,,0,0,49.5,29.1,29.1,17.6,5.3
2017-05-06,14.8,2.3,9.4,70.1,0,0,0,,0,0,51.8,26.6,26.6,14,6.6
2017-05-07,15.2,5.4,10.4,73.9,0,0,0,,0,0,46.4,18.4,18.4,9.7,1.5
2017-05-08,13.2,3.3,8.7,66.2,0,0,0,,0,0,48.2,26,26,14.8,5.5
2017-05-09,16.8,5.1,10.3,66.8,0,0,0,,0,0,38.2,23.6,23.6,11.4,1.9
2017-05-10,13.5,2.8,8.9,73.7,0,0,0,,0,0,33.1,20.4,20.4,9.8,4.2
2017-05-11,14.5,2.7,9.4,78.1,0,0,0,,0,0,40.3,22.5,22.5,12.2,2.6
2017-05-12,12.2,6.8,9.7,84.4,0,0,0,,0,0,43.6,21.4,21.4,16.4,10
2017-05-13,13.2,9,10.7,92.1,2.473,100,8.33,rain,0,0,63,28.4,28.4,13.3,8.7
2017-05-14,16.7,10.3,13,67.2,1.509,100,8.33,rain,0,0,50,26.5,26.5,16.8,6.5
2017-05-15,15.2,9.7,12.1,84.2,6.104,100,8.33,rain,0,0,54,18.8,18.8,12.6,6.2
2017-05-16,17.8,8.1,14.6,78.2,2.298,100,16.67,rain,0,0,59.4,37.5,37.5,20,5.8
2017-05-17,16.7,4.9,11.6,72.5,0,0,0,,0,0,35.3,19.7,19.7,10.2,3
2017-05-18,16.5,8,12.3,67.4,0.034,100,8.33,rain,0,0,32.4,19,19,11.6,4.5
2017-05-19,14.6,4.6,10.3,76.9,0,0,0,,0,0,30.6,16.3,16.3,8.5,2.9
2017-05-20,13.2,8.2,10.2,87,5.291,100,16.67,rain,0,0,51.8,19.6,19.6,10.7,3.1
2017-05-21,15.1,6.4,11.3,79.1,0.811,100,8.33,rain,0,0,46.4,22.4,22.4,11.2,3.7
2017-05-22,16.5,8.2,12.4,83.5,0.617,100,8.33,rain,0,0,66.6,17.6,17.6,9.7,2.5
2017-05-23,16.8,7.2,11.7,81.5,5.301,100,8.33,rain,0,0,48.2,22.9,22.9,16.2,9.1
2017-05-24,19.7,12.4,16,82.9,0.347,100,4.17,rain,0,0,41.4,23.4,23.4,17.5,7.7
2017-05-25,23.8,14.1,18.7,76.1,0,0,0,,0,0,25.9,14.2,14.2,7.6,2.4
2017-05-26,25.8,12,18.9,74,0,0,0,,0,0,40.7,15.9,15.9,8.1,1.4
2017-05-27,18.7,12.7,15.8,85.2,1.287,100,4.17,rain,0,0,32,15.9,15.9,9.6,4.2
2017-05-28,20.1,13.5,16.8,77.3,2.682,100,4.17,rain,0,0,38.9,20.1,20.1,15.1,9.4
2017-05-29,13.2,10.7,11.6,85.3,0.263,100,8.33,rain,0,0,32.4,16.9,16.9,14.1,7.5
2017-05-30,16.5,9.5,12.8,82.2,4.187,100,12.5,rain,0,0,57.6,32.4,32.4,15,3.2
2017-05-31,18.5,7,12.9,66.7,0,0,0,,0,0,32,15.8,15.8,11.6,8
2017-06-01,17,11.6,14.6,78.8,0.336,100,4.17,rain,0,0,51.8,23.5,23.5,14.9,4.7
2017-06-02,18.7,10.3,14.6,72.8,0.878,100,8.33,rain,0,0,34.9,19.1,19.1,12.9,6.7
2017-06-03,17,5.3,11.7,77.6,2.249,100,4.17,rain,0,0,35.3,16,16,7.8,2.9
2017-06-04,16.6,6.8,12.1,74,0.658,100,12.5,rain,0,0,42.1,22.9,22.9,14.8,7.1
2017-06-05,16,9.2,11.8,87.5,11.699,100,16.67,rain,0,0,42.1,17.8,17.8,9.4,3.1
2017-06-06,12.5,10,11,93.9,36.744,100,16.67,rain,0,0,53.3,18.8,18.8,12,3.7
2017-06-07,16,9.8,12.5,62.7,10.73,100,12.5,rain,0,0,56.2,30,30,21,5.3
2017-06-08,12,8.7,10.8,91.5,15.044,100,12.5,rain,0,0,40.3,20.4,20.4,10.6,1.7
2017-06-09,16.8,11.2,13.7,84.5,8.242,100,12.5,rain,0,0,46.4,24.5,24.5,17.1,8.5
2017-06-10,19.4,12,14.7,81.4,3.678,100,8.33,rain,0,0,54.3,24.1,24.1,14.7,6
2017-06-11,16.1,12.3,14.3,82.4,4.388,100,12.5,rain,0,0,53.6,28.8,28.8,21.4,14.4
2017-06-12,16.3,11.7,13.5,80.6,2.263,100,12.5,rain,0,0,63,34.7,34.7,27.5,17.5
2017-06-13,18.3,10.3,14.4,83,0.488,100,12.5,rain,0,0,46.4,25.4,25.4,15.2,5
2017-06-14,19.5,13.5,16.4,78.6,0.254,100,8.33,rain,0,0,37.8,17.2,17.2,10.6,6.2
2017-06-15,17.4,11.9,14.5,76.9,2.544,100,12.5,rain,0,0,51.8,28.7,28.7,19,8.2
2017-06-16,16.3,11.6,14.1,83.7,0.17,100,12.5,rain,0,0,48.2,26,26,20.5,12.6
2017-06-17,23.1,15.3,18.8,79.6,0,0,0,,0,0,52.9,26.3,26.3,19.3,9.8
2017-06-18,22.2,15.3,19,77.3,0,0,0,,0,0,46.4,24.9,24.9,17.4,6.1
2017-06-19,21.2,12.3,17.2,79.1,0,0,0,,0,0,41.8,22.3,22.3,11.7,3
2017-06-20,17.3,7.9,13.5,81.5,0,0,0,,0,0,31.7,20.2,20.2,10.9,2.4
2017-06-21,17.3,12.7,15,89.7,1.096,100,4.17,rain,0,0,30.6,11.9,11.9,7.7,5.3
2017-06-22,18.1,13.4,15.9,83.1,6.703,100,4.17,rain,0,0,37.4,21.1,21.1,12.9,2.4
2017-06-23,17.2,11.5,14.5,75.6,1.248,100,8.33,rain,0,0,60.4,33.9,33.9,23.9,13.3
2017-06-24,14.9,10.8,12.7,69.1,0.008,100,4.17,rain,0,0,68.2,37.1,37.1,27.9,12.5
2017-06-25,15.5,9.8,12.6,70.1,0.715,100,4.17,rain,0,0,55.4,27.8,27.8,22.5,10.9
2017-06-26,15.8,8.5,12.5,76,0.008,100,4.17,rain,0,0,31.7,11.9,11.9,8.7,3.4
2017-06-27,12.5,10.2,11.4,92.1,9.061,100,12.5,rain,0,0,46.4,17.4,17.4,14.9,10.4
2017-06-28,13.5,10.1,12.1,82.8,3.334,100,12.5,rain,0,0,48.2,25.8,25.8,17.8,11.7
2017-06-29,12.8,9.5,11.3,88.4,15.045,100,12.5,rain,0,0,51.5,18.8,18.8,14.1,9.3
2017-06-30,16,12.1,13.8,85.8,1.741,100,12.5,rain,0,0,42.8,16.8,16.8,11.2,4.3
2017-07-01,16.5,12.5,14.2,81,0.13,100,8.33,rain,0,0,59.4,32.3,32.3,19.4,3.8
2017-07-02,15.4,11.1,13.3,78,0.109,100,8.33,rain,0,0,55.4,28.2,28.2,21.2,12.6
2017-07-03,17,11.2,13.9,71.4,0.262,100,4.17,rain,0,0,41.4,21.3,21.3,15.4,9.9
2017-07-04,12.6,10.2,11.3,92.5,5.18,100,8.33,rain,0,0,31.7,17.6,17.6,10.1,3.1
2017-07-05,16,10.7,13.4,83.4,0.65,100,4.17,rain,0,0,29.2,15.4,15.4,10.3,5.9
2017-07-06,18,11.1,14.8,89.1,1.322,100,12.5,rain,0,0,26.3,13.7,13.7,7.1,1.9
2017-07-07,17.8,10.8,15.5,81.3,0.109,100,8.33,rain,0,0,40,20.7,20.7,14.8,8
2017-07-08,18.2,8.6,13.7,67.8,0,0,0,,0,0,47.5,25.4,25.4,16.5,9.4
2017-07-09,14.5,12.4,13.6,86.2,3.308,100,8.33,rain,0,0,48.2,20.8,20.8,14.4,4.2
2017-07-10,13,10.9,12,92.3,5.367,100,12.5,rain,0,0,26.6,13.3,13.3,8.4,5.1
2017-07-11,15.9,10.1,12.7,83.7,0.748,100,8.33,rain,0,0,25.6,15.3,15.3,8.8,2.8
2017-07-12,19.8,7.6,13.9,75.1,0.01,100,4.17,rain,0,0,24.1,14.5,14.5,7.1,1.5
2017-07-13,19.4,8.5,14.3,78.1,0,0,0,,0,0,50,25.5,25.5,13.3,2.9
2017-07-14,18.2,10.7,14.1,76.2,0.88,100,8.33,rain,0,0,41,21.3,21.3,16.6,8.3
2017-07-15,19.3,12.4,15.8,90.9,1.723,100,12.5,rain,0,0,52.4,29.7,29.7,18,8.2
2017-07-16,17.5,11.4,14.6,71.9,0,0,0,,0,0,57.6,30.5,30.5,21.7,13.8
2017-07-17,21.7,12.6,16.8,69.8,0,0,0,,0,0,53.6,31.3,31.3,21.7,6.8
2017-07-18,22.6,7.9,16.1,77.5,0,0,0,,0,0,38.9,22.2,22.2,12,3
2017-07-19,16.6,13.8,15,89.9,0,0,0,,0,0,58,22.6,22.6,16.2,6.3
2017-07-20,17,10.9,14.3,81.7,7.427,100,12.5,rain,0,0,38.9,20.5,20.5,13.8,5.3
2017-07-21,17.9,6.2,13.3,85.4,0.218,100,12.5,rain,0,0,48.2,20.2,20.2,13.1,3.6
2017-07-22,15.6,13.4,14.3,92.9,5.736,100,8.33,rain,0,0,53.3,22.6,22.6,17.1,12.7
2017-07-23,18.6,13.4,15.2,93,4.291,100,12.5,rain,0,0,40.7,19.3,19.3,10.4,2.9
2017-07-24,20.5,10.3,15.8,76.8,0.047,100,4.17,rain,0,0,30.6,18.6,18.6,9.7,2.7
2017-07-25,16,10.7,13.6,88.6,0.037,100,4.17,rain,0,0,25.2,11.7,11.7,6.7,2.2
2017-07-26,18.2,10.6,14.1,87.5,10.783,100,4.17,rain,0,0,56.5,28.6,28.6,14.6,2.5
2017-07-27,17.4,10.8,13.6,80.4,1.751,100,12.5,rain,0,0,44,27.2,27.2,17.9,7.7
2017-07-28,17.2,12.1,14.2,81.6,1.372,100,16.67,rain,0,0,50,24.6,24.6,16.5,8.4
2017-07-29,17.2,11.3,14.1,84.4,5.602,100,12.5,rain,0,0,52.6,29.4,29.4,17.9,5.7
2017-07-30,17.8,9.9,14.2,83.5,2.395,100,16.67,rain,0,0,42.5,23.2,23.2,11.1,3
2017-07-31,17.3,11.3,13.8,83,1.176,100,16.67,rain,0,0,53.6,24,24,12.3,2.2
2017-08-01,16.7,9.6,12.8,88.5,5.813,100,12.5,rain,0,0,46.4,23.6,23.6,10.7,2.9
2017-08-02,17.7,8.2,13.3,89.3,3.192,100,16.67,rain,0,0,40.3,19,19,10.6,3.2
2017-08-03,19.1,13,15.7,85.2,4.637,100,16.67,rain,0,0,48.2,25.4,25.4,12.8,3.2
2017-08-04,16.1,12.5,14.4,86.6,6.925,100,12.5,rain,0,0,37.4,20.7,20.7,16.3,10.4
2017-08-05,16.9,10.7,13.5,79.6,2.876,100,12.5,rain,0,0,37.8,18.4,18.4,11.4,6.3
2017-08-06,16.1,7.8,12.2,85.2,2.172,100,16.67,rain,0,0,40.7,17.5,17.5,11.2,3.7
2017-08-07,17.6,10.3,13.8,80.9,1.777,100,16.67,rain,0,0,39.6,22.4,22.4,15,6
2017-08-08,18.9,8.5,13.7,77.3,0,0,0,,0,0,28.1,16.6,16.6,9,3.6
2017-08-09,18.9,7.1,13.9,71.8,0,0,0,,0,0,35.3,18.3,18.3,9.1,3.1
2017-08-10,17.1,8,12.9,77.9,0,0,0,,0,0,53.6,26.7,26.7,16,5.4
2017-08-11,18.6,11.9,15.1,83.8,0.459,100,8.33,rain,0,0,57.7,30.1,30.1,21,14.5
2017-08-12,17.1,11.7,13.9,79.8,1.419,100,8.33,rain,0,0,31.3,19.4,19.4,10.8,6.2
2017-08-13,16.3,7.2,12.4,75.9,0,0,0,,0,0,34.9,17.7,17.7,10.5,3.4
2017-08-14,17.7,9.8,13.6,88.6,8.28,100,8.33,rain,0,0,40.7,17.3,17.3,9.8,3.3
2017-08-15,18.5,11.8,15,80.9,15.145,100,12.5,rain,0,0,51.8,29.5,29.5,16.4,1.9
2017-08-16,16.9,9,13.7,85.6,2.343,100,12.5,rain,0,0,56.9,21.8,21.8,13.6,2.2
2017-08-17,19.6,11.8,16,80.6,3.963,100,12.5,rain,0,0,54.4,29.3,29.3,16.5,5.7
2017-08-18,14.3,12.1,13,88.8,6.498,100,16.67,rain,0,0,50,28.2,28.2,17.7,3.2
2017-08-19,16.8,10.7,13.7,80,0.261,100,12.5,rain,0,0,58.9,33.8,33.8,24.7,15
2017-08-20,17.5,9.9,14.1,78.5,0.168,100,8.33,rain,0,0,33.8,17.1,17.1,12.4,4.3
2017-08-21,17.1,6.9,12.3,88.3,0.01,100,4.17,rain,0,0,22.7,9.6,9.6,6.1,1.3
2017-08-22,18,13.8,15.3,93.7,2.19,100,8.33,rain,0,0,27.4,13.5,13.5,10.1,4.7
2017-08-23,19.9,13.4,16.8,85.9,9.319,100,12.5,rain,0,0,34.9,17.9,17.9,11.6,7.2
2017-08-24,18.8,12.1,15.3,81.1,0.018,100,8.33,rain,0,0,36.4,22.4,22.4,14.4,7
2017-08-25,16.4,13.6,15,89.3,2.49,100,16.67,rain,0,0,32,16.9,16.9,11,7.4
2017-08-26,19.2,12.5,15.1,85.2,2.359,100,12.5,rain,0,0,26.3,19.3,19.3,12,4.1
2017-08-27,19.3,10.9,15.1,84.6,0.082,100,8.33,rain,0,0,48.2,23.8,23.8,13.5,7.5
2017-08-28,18.6,12.3,16.6,85.7,0.487,100,12.5,rain,0,0,57.6,28.2,28.2,20.5,10.8
2017-08-29,14.7,9.1,11.9,82.5,0.018,100,8.33,rain,0,0,42.5,25.2,25.2,15.5,7.2
2017-08-30,16.3,8.8,12.4,80.5,0.69,100,12.5,rain,0,0,39.6,20.6,20.6,14.4,6.8
2017-08-31,17.7,6.7,12.1,80.6,0.101,100,4.17,rain,0,0,25.9,13.8,13.8,8.3,3.9
2017-09-01,17.2,9.4,12.8,81.3,0.432,100,4.17,rain,0,0,15.5,11.7,11.7,6.5,2.9
2017-09-02,17.3,5.3,12,79.4,0,0,0,,0,0,25.6,14,14,8.2,3.5
2017-09-03,17.5,6.7,12.6,83.3,0.525,100,4.17,rain,0,0,38.9,16.8,16.8,9,3.4
2017-09-04,17.4,13,14.7,93.8,7.602,100,12.5,rain,0,0,38.9,17.4,17.4,9.5,4.3
2017-09-05,16,10.8,13.2,84.5,0.467,100,16.67,rain,0,0,45,25.2,25.2,12.2,3.4
2017-09-06,16.8,10.5,13.1,81.2,0.152,100,12.5,rain,0,0,48.2,27.1,27.1,18.7,12.5
2017-09-07,14.8,11.4,13,91,1.4,100,8.33,rain,0,0,50,20.9,20.9,14.5,7.7
2017-09-08,15.5,10.2,12.5,86.7,0.404,100,8.33,rain,0,0,48.2,27,27,19.1,11.2
2017-09-09,17.5,9.5,13,82.5,0.498,100,12.5,rain,0,0,25.2,13,13,7.4,4.2
2017-09-10,14.6,10.1,11.9,88.5,2.95,100,12.5,rain,0,0,57.6,26.5,26.5,17.3,7.6
2017-09-11,15.7,8.7,12.2,81,3.754,100,12.5,rain,0,0,55.4,24.9,24.9,17.2,7
2017-09-12,15,9.2,11.8,79,0.408,100,4.17,rain,0,0,48.2,25.2,25.2,17.3,3.4
2017-09-13,13.1,8.3,10,91.7,4.432,100,16.67,rain,0,0,31.3,15.4,15.4,9.6,2.4
2017-09-14,14.5,7.8,11.2,76.4,2.215,100,8.33,rain,0,0,50.8,23,23,13.5,6.6
2017-09-15,14.5,8.7,11.8,74.9,0.442,100,12.5,rain,0,0,50.8,16.3,16.3,11.3,6.6
2017-09-16,12.3,6.3,9.7,80.2,1.217,100,16.67,rain,0,0,33.8,12.9,12.9,8.8,3.6
2017-09-17,15.6,6,10.9,86.1,0.495,100,12.5,rain,0,0,29.5,14.6,14.6,8.4,4.2
2017-09-18,13.4,7,10.8,82,1.121,100,8.33,rain,0,0,14,9.5,9.5,4.8,0.9
2017-09-19,15.9,2.8,9.5,83.9,0.101,100,4.17,rain,0,0,29.5,19.5,19.5,8.8,2.5
2017-09-20,16.4,9.7,13.6,90.2,2.459,100,8.33,rain,0,0,46.4,17,17,9.3,5.1
2017-09-21,14.7,6.7,11.9,88.4,4.917,100,12.5,rain,0,0,30.2,17.6,17.6,10.8,5.1
2017-09-22,13.7,3.7,9.5,87.9,0.318,100,8.33,rain,0,0,42.1,17,17,8.9,3.5
2017-09-23,17.5,7.1,13.1,86.6,0.137,100,8.33,rain,0,0,35.6,16.6,16.6,8.2,2.7
2017-09-24,15.3,12.9,13.8,87.6,2.697,100,8.33,rain,0,0,23.4,11.8,11.8,6.9,2.7
2017-09-25,15.7,12.3,13.6,96.3,10.991,100,12.5,rain,0,0,30.2,10.5,10.5,6.3,2
2017-09-26,16.5,12.3,13.8,92,0,0,0,,0,0,31,15.1,15.1,8.8,2.8
2017-09-27,16.4,12.6,14.3,84.5,0.016,100,4.17,rain,0,0,55.4,24,24,17.7,11.2
2017-09-28,16.8,12.6,14.2,82,5.272,100,4.17,rain,0,0,51.8,16.4,16.4,11.9,6.6
2017-09-29,16,8.9,13,79.2,0.863,100,16.67,rain,0,0,55.4,24.6,24.6,14.5,7.5
2017-09-30,13.4,4.6,9.9,79.2,0.399,100,8.33,rain,0,0,36.7,19.1,19.1,10.9,2.6
2017-10-01,15.8,2.1,8.9,92.4,5.014,100,8.33,rain,0,0,69.4,33.9,33.9,15.8,2.8
2017-10-02,14.2,10.1,12.1,79.6,5.378,100,16.67,rain,0,0,69.8,41.2,41.2,32.8,23.4
2017-10-03,13.2,9.3,10.9,75.3,0.173,100,16.67,rain,0,0,51.8,28.8,28.8,24.3,19.5
2017-10-04,11.9,9.2,10.4,87.3,1.813,100,16.67,rain,0,0,56.9,29.4,29.4,20.2,4.8
2017-10-05,14.1,7.5,10.1,77.1,5.182,100,4.17,rain,0,0,50.8,20.7,20.7,15.3,5.8
2017-10-06,11.7,4.3,8.7,80.9,0,0,0,,0,0,38.9,17.3,17.3,11.7,6.5
2017-10-07,16.3,10.5,13.1,84.2,0.28,100,8.33,rain,0,0,51.8,26.5,26.5,20.7,13.7
2017-10-08,14,9.7,12,87.8,0,0,0,,0,0,26.3,17.4,17.4,12.4,7.4
2017-10-09,14.2,11.7,12.7,88.7,1.12,100,8.33,rain,0,0,38.5,19.7,19.7,15.4,9.9
2017-10-10,13.6,9.2,11.7,83.1,1.25,100,16.67,rain,0,0,52.8,30.4,30.4,21.6,15.5
2017-10-11,14.2,8.2,12.2,86.2,4.42,100,12.5,rain,0,0,59.4,29.9,29.9,22.1,15.4
2017-10-12,12.8,7.8,10.6,83.3,0.974,100,12.5,rain,0,0,55.4,27.8,27.8,21.5,15
2017-10-13,18,12.4,15.1,87.7,5.668,100,12.5,rain,0,0,62.6,38.7,38.7,25.7,13.8
2017-10-14,13.9,11.4,12.4,84,0.042,100,8.33,rain,0,0,43.6,22.1,22.1,15.1,6
2017-10-15,17.3,10.6,14.4,79.5,0,0,0,,0,0,83.5,38.5,38.5,23.2,3.2
2017-10-16,14.8,9.8,11.7,92.1,5.812,100,8.33,rain,0,0,56.1,28.6,28.6,14.9,2.4
2017-10-17,13.8,10.3,12.5,84.6,1.197,100,12.5,rain,0,0,89,52.9,52.9,29.9,6
2017-10-18,10.9,8.7,9.9,87.3,0.387,100,8.33,rain,0,0,34.6,17.8,17.8,12.4,7.8
2017-10-19,13.5,10.4,11.8,91.4,0.903,100,8.33,rain,0,0,31,12.2,12.2,10,6.7
2017-10-20,15.6,10.5,12.3,90,7.293,100,4.17,rain,0,0,23.8,12.2,12.2,6.7,2.8
2017-10-21,13.9,10.1,11.5,88.5,4.375,100,16.67,rain,0,0,36.4,20.2,20.2,13.2,2.9
2017-10-22,14.2,6.4,10.8,84.6,0.726,100,8.33,rain,0,0,50,26.7,26.7,16.5,5.6
2017-10-23,14.6,5.9,10.2,89.3,1.834,100,12.5,rain,0,0,48.2,21.2,21.2,10.8,2.1
2017-10-24,13.8,8,11,86.8,1.002,100,12.5,rain,0,0,55.4,28.4,28.4,16.7,5.1
2017-10-25,12.8,10,11,84.5,0.169,100,8.33,rain,0,0,63.6,38,38,26.3,14.3
2017-10-26,13.3,8.8,10.8,81.7,0.008,100,4.17,rain,0,0,53.6,25.7,25.7,18,7.4
2017-10-27,11.9,2.4,7.6,82.3,0.01,100,4.17,rain,0,0,46.4,23.4,23.4,14.2,6.1
2017-10-28,14.6,9,12.7,81.7,0.016,100,4.17,rain,0,0,67.3,37.9,37.9,28.5,17.9
2017-10-29,12.1,0.4,7,69.8,0.008,100,4.17,rain,0,0,50.8,19.9,19.9,10.6,3
2017-10-30,9.3,-1.9,3.7,89.1,0,0,0,,0,0,37.1,20.5,20.5,9.6,2.5
2017-10-31,13.9,9.5,12.1,93.2,1.484,100,12.5,rain,0,0,50,28.8,28.8,21.2,14.7
2017-11-01,12.8,9.6,11.8,91.2,1.03,100,16.67,rain,0,0,59.4,29.1,29.1,23.9,11.5
2017-11-02,10.5,2.6,6.1,83.6,0.156,100,8.33,rain,0,0,27.4,10.4,10.4,5.9,3.8
2017-11-03,9.1,5.2,7.9,84.5,0,0,0,,0,0,38.5,23.1,23.1,15.4,4.2
2017-11-04,9.5,3,6.9,87,0.753,100,16.67,rain,0,0,34.6,21.7,21.7,15.5,10.3
2017-11-05,8.3,-0.8,3.6,80.7,0.115,100,8.33,"rain,snow",0,0,35.3,16.3,16.3,9.8,5.6
2017-11-06,12,-2.8,5.2,87.9,0.127,100,8.33,rain,0,0,57.6,29.1,29.1,13.7,1.7
2017-11-07,12.2,0.8,7.4,85,3.12,100,12.5,rain,0,0,64.8,31.3,31.3,15.8,7.2
2017-11-08,10.8,-1.2,4.5,91.3,0.245,100,12.5,"rain,snow",0,0,59.4,31.3,31.3,16.1,3.8
2017-11-09,11.9,7.9,9.7,74.2,0.726,100,8.33,rain,0,0,59.2,32.6,32.6,23.9,16.2
2017-11-10,7.8,3.5,5.6,78.4,1.641,100,8.33,rain,0,0,57.6,27,27,19.9,11.5
2017-11-11,8,0.3,3.2,83.7,0.04,100,4.17,rain,0,0,33.5,15.9,15.9,9.9,2.8
2017-11-12,7,1.6,4.1,70.6,0.032,100,4.17,rain,0,0,48.2,21.9,21.9,14.6,8.4
2017-11-13,9.6,-0.1,4.1,81.5,0.036,100,4.17,rain,0,0,57.6,28.2,28.2,14.1,5.2
2017-11-14,10.8,5.4,8.2,89.9,0.408,100,8.33,rain,0,0,47.4,27.7,27.7,13.6,8.5
2017-11-15,8.6,2,5.3,92.5,0,0,0,,0,0,34.6,20.3,20.3,6.5,2.6
2017-11-16,10.7,3.3,6.9,79.6,2.674,100,8.33,rain,0,0,64.1,29.9,29.9,21.2,13.6
2017-11-17,8.2,3.3,5.8,84.8,0.242,100,12.5,rain,0,0,59.4,27.4,27.4,22.3,14.4
2017-11-18,7.2,2.8,5,70.2,0.073,100,4.17,rain,0,0,53.6,26.4,26.4,16.4,10.1
2017-11-19,5,-0.6,2.5,84.6,0.008,100,4.17,rain,0,0,26.3,15.2,15.2,7.3,1.4
2017-11-20,6.7,3.2,5.5,99.2,6.161,100,12.5,rain,0.2,0.3,27.4,12.3,12.3,6.2,2.2
2017-11-21,12.6,6.2,8.4,97.1,5.401,100,12.5,rain,0,0,63.4,38.6,38.6,11.6,0.6
2017-11-22,10.8,4.5,6.7,94.7,8.331,100,16.67,rain,0,0,65.8,37.1,37.1,10.9,1.6
2017-11-23,5,1.5,2.9,90.8,6.341,100,12.5,rain,0.8,1.2,36.4,17.5,17.5,12.6,3.3
2017-11-24,2.2,-0.1,1,91.3,0.754,100,12.5,"rain,snow",0,1.1,38.2,22.8,22.8,16.3,11.7
2017-11-25,3.6,0,1.9,85.4,0.06,100,12.5,"rain,snow",0,0.7,50,24.8,24.8,18.2,11
2017-11-26,6.1,1.7,3.5,83.2,0.118,100,8.33,rain,0,0.4,53.6,20.9,20.9,17.2,11.6
2017-11-27,7.4,2.9,4.7,81.4,1.646,100,8.33,rain,0,0,53.6,29,29,17.9,9.9
2017-11-28,6.1,1.8,3.8,76,0.01,100,4.17,rain,0,0,38.2,17.4,17.4,13.4,8.5
2017-11-29,4.3,1.1,2.8,70.2,0.008,100,4.17,rain,0,0,37.8,16.8,16.8,11.6,8
2017-11-30,3.3,0.8,1.8,69.6,0,0,0,,0,0.4,50,18.6,18.6,13,7.9
2017-12-01,4.5,-0.7,2,78.2,0,0,0,,0,0.7,29.9,15.4,15.4,9.9,6
2017-12-02,8,3.6,6.2,91.3,0.345,100,8.33,rain,0,0.7,34.2,18.3,18.3,13.7,9.3
2017-12-03,7.9,3.5,6.1,83.8,0.146,100,4.17,rain,0,0.7,31.3,15.3,15.3,10.3,6.1
2017-12-04,9.3,5.4,7.1,88.1,0.008,100,4.17,rain,0,0.6,30.2,20,20,16.2,9.2
2017-12-05,8.9,7.3,8,88.2,0.018,100,8.33,rain,0,0.4,60.9,33.5,33.5,28.2,22.8
2017-12-06,12.6,9.1,10.2,85.6,2.081,100,8.33,rain,0,0.3,64.8,40.3,40.3,30.5,25.9
2017-12-07,12.9,1.5,6.2,80.3,7.161,100,12.5,rain,0,0,78.6,42.1,42.1,32,13.1
2017-12-08,1.8,0,0.8,70.4,0.028,100,4.17,"rain,snow",0,3,61.2,25.3,25.3,19.9,15.5
2017-12-09,2.5,-2.9,-0.4,79.2,0,0,0,,0,1.9,31.3,18.7,18.7,12.8,5.5
2017-12-10,-1.3,-7.7,-5.1,90.1,0,0,0,,0,0.8,19.1,8.8,8.8,5.7,3.5
2017-12-11,2,-6.8,-2.5,88.9,0.555,100,12.5,"rain,snow",0,0.5,19.4,10.3,10.3,5.9,3.8
2017-12-12,3.2,-4.5,-0.4,91,0.15,100,4.17,rain,0,0.4,46.4,18.2,18.2,9.8,5.1
2017-12-13,4.9,0.6,2.7,92.3,4.053,100,8.33,rain,0,0.2,51,27.2,27.2,19.7,14.8
2017-12-14,1.9,-1,0.9,94.4,1.062,100,12.5,"rain,snow",0.4,2.1,48.2,19.7,19.7,10.4,2.8
2017-12-15,4.9,-1.3,2.5,80.8,1.318,100,12.5,"rain,snow",0,1.8,48.2,14.2,14.2,9.8,2.3
2017-12-16,2.7,-2.7,0.1,85.2,0.039,100,4.17,"rain,snow",0,1.9,24.8,13.4,13.4,8.3,4.3
2017-12-17,8.5,-1.1,4.1,86.5,1.914,100,8.33,rain,0,0.5,57.6,22.3,22.3,13.5,4
2017-12-18,7,-0.1,3.5,91.1,0.008,100,4.17,rain,0,0,33.1,21,21,12,4.8
2017-12-19,11.4,7.2,9.5,92.1,0,0,0,,0,0,46.4,22.7,22.7,17.8,14.3
2017-12-20,11.6,6.7,9.7,91.1,0.476,100,8.33,rain,0,0,55.4,26.2,26.2,16.4,7.6
2017-12-21,7.2,0.6,4.8,95.4,0,0,0,,0,0,23.8,14.9,14.9,8.4,2.9
2017-12-22,10,-1.3,4.7,97.2,0.163,100,12.5,"rain,snow",0,0,51.8,30.3,30.3,14.2,1.3
2017-12-23,12.5,9.8,10.9,91.8,0.125,100,8.33,rain,0,0,60.4,37.3,37.3,30.6,21.4
2017-12-24,12,9.9,10.9,91.8,0.957,100,12.5,rain,0,0,72,43.1,43.1,32.4,19
2017-12-25,9.8,2.4,6.1,96.8,12.152,100,16.67,rain,0,0.1,31.3,19.1,19.1,9,3.9
2017-12-26,3.3,-2.2,1,93.7,4.646,100,12.5,"rain,snow",0,0.3,24.5,13.2,13.2,9.3,3.5
2017-12-27,2.3,-2.2,0.1,79.4,0.018,100,8.33,"rain,snow",0,0.7,40.3,24.7,24.7,12.3,4.7
2017-12-28,3.5,-3.2,0.7,80.1,1.968,100,4.17,"rain,snow",0,1.1,51.8,18.3,18.3,13.1,4.9
2017-12-29,1.6,-5.3,-1.1,95.6,0.137,100,8.33,"rain,snow",2.2,1.2,35.6,15.7,15.7,7.7,2.1
2017-12-30,4.9,-0.1,2.5,93.9,2.224,100,16.67,"rain,snow",0,0.6,63,25.7,25.7,12.2,1.7
2017-12-31,6.9,3.2,5.2,88.3,6.633,100,12.5,rain,0,0.3,94.7,56.1,56.1,26.5,6.8
2018-01-01,4.8,1.5,3.4,92,11.374,100,16.67,"rain,snow",,,,20.8,20.8,12.3,6.9
2018-01-02,4.6,1.9,2.9,92.5,5.191,100,12.5,rain,1.1,1.4,41,19.2,19.2,10.4,5.2
2018-01-03,6.5,2.4,4.3,93.6,9.164,100,16.67,rain,1.2,3.9,50,21.6,21.6,13.6,9.6
2018-01-04,5.9,2.6,3.8,96.9,3.794,100,16.67,rain,0,1,23.8,8.7,8.7,6,3
2018-01-05,3.9,1.8,2.5,97.5,12.284,100,16.67,"rain,snow",1,1.2,34.2,13.5,13.5,6.1,1.9
2018-01-06,3.2,-1.4,1.9,79.1,2.001,100,8.33,rain,0,0.7,53.6,18.5,18.5,12.5,6.1
2018-01-07,0.5,-6,-3.3,90.1,0.801,100,4.17,snow,0,1.4,13.7,6.8,6.8,4.2,2
2018-01-08,1.7,-7.5,-3.4,89.2,5.507,100,8.33,"rain,snow",0,0.8,25.6,13.2,13.2,6.6,1.8
2018-01-09,4.2,1.8,3.4,89.9,0.111,100,8.33,rain,0,0.2,48.2,19.7,19.7,14.2,7.9
2018-01-10,3.9,1.9,2.8,95.5,0.303,100,4.17,rain,0,0,21.2,11.4,11.4,6.1,2.7
2018-01-11,4.7,1.2,2.4,95.2,0.008,100,4.17,rain,0,0,16.2,6.1,6.1,4.1,1.1
2018-01-12,7.1,1.7,4.1,87.8,0.01,100,4.17,rain,0,0,29.2,12.1,12.1,6.8,2.3
2018-01-13,6,3,4.5,84.7,0.221,100,8.33,rain,0,0,31.3,16.4,16.4,11,7.5
2018-01-14,6.9,5,5.8,84.9,1.332,100,12.5,rain,0,0,71,37.2,37.2,21.1,7
2018-01-15,8.7,1.5,5.1,89.7,5.092,100,12.5,rain,0,0,71.8,34.7,34.7,21.3,13.3
2018-01-16,1.4,-0.4,0.6,94.2,1.285,100,8.33,"rain,snow",0,1.2,55.4,27.5,27.5,20.2,10.7
2018-01-17,2.9,-0.6,1.2,90.1,2.018,100,8.33,"rain,snow",0,2.8,59.4,27,27,18.9,10.7
2018-01-18,2.8,-0.1,1.1,93.1,15.759,100,8.33,"rain,snow",0,0.9,28.4,17.1,17.1,12.4,3.1
2018-01-19,2,0.1,1,93.1,19.919,100,8.33,"rain,snow",0,1.8,50,22.5,22.5,17.7,12.9
2018-01-20,1.5,-4.6,-1,90.7,1.663,100,8.33,"rain,snow",0,2.6,29.2,17.3,17.3,8.5,2.8
2018-01-21,2.4,-5,-1.6,93.6,20.539,100,8.33,"rain,snow",1.4,1.7,35.6,12.9,12.9,6.1,2.3
2018-01-22,6.7,2.8,5.1,89.2,1.418,100,16.67,rain,0,0.5,48.2,26,26,19.6,9
2018-01-23,10.5,6.1,7.7,88.5,6.701,100,12.5,rain,0,0,62,35.1,35.1,21.4,9.6
2018-01-24,9.9,4.2,6.6,83.8,15.408,100,16.67,rain,0,0,86.7,51.2,51.2,32,14.2
2018-01-25,7.5,-0.4,4.3,85.1,2.139,100,8.33,rain,0,0,50,22.5,22.5,12.7,2.4
2018-01-26,6,-1.5,1.9,90.2,0.179,100,8.33,"rain,snow",0,0,28.8,14.6,14.6,6.6,3.4
2018-01-27,10.8,5.3,7.8,82.3,2.472,100,12.5,rain,0,0,81.8,42.1,42.1,29.5,11.6
2018-01-28,11.5,6.6,8.9,88.5,0.966,100,12.5,rain,0,0,82.8,46.4,46.4,27.8,4.9
2018-01-29,10.6,3.2,6.1,79.5,7.815,100,8.33,rain,0,0,75.7,42.2,42.2,22.7,15.7
2018-01-30,6.6,3.7,5.1,86.2,0.567,100,12.5,rain,0,0,66.4,34.2,34.2,26.4,17
2018-01-31,5.3,1.1,2.7,88.9,7.516,100,12.5,rain,0,0,63.8,35.5,35.5,23.7,13.7
2018-02-01,6.4,2,4.3,70.9,0.268,100,4.17,rain,0,0.2,59.4,25.2,25.2,20.5,11.1
2018-02-02,6.9,0.4,4,74.3,0.02,100,4.17,rain,0,0.1,42.5,17.6,17.6,10.4,4.2
2018-02-03,3.9,0.9,2.5,96.3,4.488,100,12.5,"rain,snow",0.1,0.4,14,5.5,5.5,3.7,2
2018-02-04,7.3,1.2,3.2,93,1.68,100,12.5,rain,0,0.1,10.8,6,6,3.6,2
2018-02-05,3.2,0,1.8,84.3,0,0,0,,0,0.1,23.8,14.2,14.2,7.4,2.4
2018-02-06,3.4,-1.3,0.9,80.4,1.135,100,12.5,"rain,snow",0.9,0.8,32.4,14.8,14.8,11.3,6.6
2018-02-07,3.4,-3.6,-0.2,82.2,0.176,100,8.33,"rain,snow",0,1.2,53.6,25.9,25.9,14.1,7.5
2018-02-08,7.2,3.9,5.4,89.4,0.501,100,12.5,rain,0,0,53.1,24.7,24.7,15.5,10.6
2018-02-09,4.9,-0.2,2.3,80.3,0.313,100,16.67,"rain,snow",0,0.1,34.9,20.4,20.4,14.1,10.2
2018-02-10,8.2,0.9,4.5,86,2.153,100,8.33,rain,0,0.1,76,26.4,26.4,17.5,4.8
2018-02-11,4.2,-0.5,1.8,78.1,2.484,100,12.5,"rain,snow",0,0.3,53.6,25.8,25.8,17.2,10.2
2018-02-12,3.6,-1,1.5,85.8,0.416,100,8.33,"rain,snow",0,1.4,49.3,26,26,19,10.4
2018-02-13,5,-0.1,2.9,79.2,2.023,100,8.33,rain,0.8,0.7,51.8,22.5,22.5,15.3,8.3
2018-02-14,5.5,0,3.1,78.7,1.435,100,12.5,"rain,snow",0,0.4,68.4,28.5,28.5,18,8.7
2018-02-15,4.8,2.3,3.7,80.3,0.803,100,12.5,rain,0,0,67.3,41.3,41.3,29.2,22.5
2018-02-16,7,1.4,4.5,82.5,0.678,100,8.33,rain,0,0,59.8,24.9,24.9,18.1,11
2018-02-17,7.3,2.5,4.6,86.5,1.049,100,16.67,rain,0,0,54.7,23.9,23.9,14.4,7.5
2018-02-18,5.2,-0.6,2.7,96.1,0.942,100,8.33,rain,0,0,16.6,9.8,9.8,4.6,2.4
2018-02-19,10.3,4.5,7.1,96.1,4.542,100,16.67,rain,0,0,25.6,11.8,11.8,5.8,1.8
2018-02-20,10,-0.2,5.8,75.8,0.491,100,8.33,rain,0,0,39.6,17.9,17.9,10.7,4.4
2018-02-21,6.9,-1.6,2.2,86.8,0,0,0,,0,0.3,14.4,7.8,7.8,4.3,2.3
2018-02-22,6.1,-1.6,1.9,84.7,0.137,100,4.17,rain,0,0.4,24.8,14.5,14.5,7.2,2.1
2018-02-23,5.7,-1.3,1.9,74.6,0,0,0,,0,0.2,44.6,16.2,16.2,10.2,4.1
2018-02-24,6.1,-1.5,1.9,74.1,0,0,0,,0,0.3,46.4,18.7,18.7,12.1,5.6
2018-02-25,5,-2.4,1.3,77.8,0,0,0,,0,0.6,35.3,17.1,17.1,11.1,4.1
2018-02-26,3.2,-1.8,1,74.7,0.173,100,8.33,"rain,snow",0,0.2,40,20,20,10.4,3.9
2018-02-27,2.4,-3.1,-0.2,80.5,0.945,100,12.5,"rain,snow",1.7,1.7,59.2,25.3,25.3,17.3,5.4
2018-02-28,-2.4,-4.2,-3.3,81.3,0,0,0,snow,3,4.9,79.6,31.3,31.3,26.9,22.3
2018-03-01,-0.4,-3.8,-1.9,85.8,34.125,100,4.17,"rain,snow",1.9,14.6,79.6,38.7,38.7,33.1,24.8
2018-03-02,0.8,-1.3,0.2,83.2,60.714,100,8.33,"rain,snow",1.9,19.8,72.4,36,36,31.5,25.2
2018-03-03,1,0.2,0.7,80.7,60.831,100,12.5,"rain,snow",0.9,16.4,57.6,25.8,25.8,21.4,17.3
2018-03-04,2.1,0.7,1.4,87.9,2.182,100,8.33,"rain,snow",1.4,12.8,43.9,19.7,19.7,17.2,13.9
2018-03-05,3.2,1.7,2.5,98.3,21.82,100,16.67,"rain,snow",0.7,7.2,40.7,20.3,20.3,13.1,5.9
2018-03-06,3.2,1.3,2.5,96.9,12.199,100,16.67,"rain,snow",5,2.9,59.4,23.7,23.7,14.3,4.3
2018-03-07,5.8,-0.2,2.8,91.6,9.018,100,12.5,"rain,snow",0,1.3,36,12.5,12.5,7.2,1.6
2018-03-08,6.6,-1.2,2.8,86.6,0.775,100,12.5,"rain,snow",0,1.6,29.5,18,18,8.8,2.9
2018-03-09,7.6,-0.8,3.4,82.1,0.77,100,8.33,rain,0,1.3,48.2,28.4,28.4,16.1,3.4
2018-03-10,4.4,-0.2,3.2,96.3,8.848,100,12.5,rain,0,0.9,51.8,24.6,24.6,15.7,4.8
2018-03-11,8.3,3.9,5.3,96.2,7.803,100,12.5,rain,0,0.4,14.4,8,8,5.3,3
2018-03-12,6.6,3.9,5,90.8,0.984,100,4.17,rain,0,0.2,18.4,7.7,7.7,5.2,2.8
2018-03-13,7.7,2.3,5.1,86.3,0.089,100,12.5,rain,0,0,16.2,11,11,5.6,2
2018-03-14,8.8,0.6,5.1,81.1,0,0,0,,0,0,53.6,26.3,26.3,16.2,5.1
2018-03-15,7,4.2,5.3,86.6,4.673,100,12.5,rain,0,0,67.4,34.8,34.8,27.7,23.2
2018-03-16,4.4,2.6,3.7,88.9,10.03,100,12.5,rain,1.7,1.2,66.6,33.1,33.1,29.1,23.9
2018-03-17,2.5,-0.9,0.7,72.4,0.561,100,12.5,"rain,snow",0.4,1,66.6,38.3,38.3,30,24.5
2018-03-18,1.7,-1.6,0.4,74.6,2.549,100,12.5,"rain,snow",0.2,0.6,68.4,32.2,32.2,26.5,19.2
2018-03-19,5.9,-1.1,2.3,69.8,0.122,100,8.33,"rain,snow",0,0.3,46.4,22.9,22.9,14.5,2.6
2018-03-20,8.6,-1.7,2.9,67.1,0,0,0,,0,0.5,20.9,12.1,12.1,8.2,5
2018-03-21,9.4,0.9,5.9,82.8,0.026,100,4.17,rain,0,0,58,36.1,36.1,24.4,9.2
2018-03-22,9,6.5,7.9,79.1,0.07,100,4.17,rain,0,0,57.6,29.4,29.4,22,14.4
2018-03-23,10,3.9,7.2,80.4,9.409,100,12.5,rain,0,0,63,37.7,37.7,18.7,9.1
2018-03-24,10.3,0.9,5.3,76.5,0.026,100,8.33,rain,0,0,39.2,22.7,22.7,12.6,5.5
2018-03-25,9.9,2.3,5.5,76,0.073,100,8.33,rain,0,0,38.5,22.6,22.6,15.1,8.6
2018-03-26,9.5,-0.9,4.4,73.5,0.01,100,4.17,rain,0,0,25.9,12.9,12.9,9,6.4
2018-03-27,8.5,4.1,5.9,89,2.585,100,12.5,rain,0,0.4,46.4,21.2,21.2,13.1,6.4
2018-03-28,8,1.3,4.6,82.1,1.282,100,12.5,rain,0,0,31.7,21.4,21.4,15.3,8.3
2018-03-29,7,-3.1,2.4,86.9,0.172,100,8.33,"rain,snow",0,0,39.6,25.1,25.1,11.9,2.2
2018-03-30,4.2,1.8,3.2,91.6,1.669,100,8.33,rain,0.2,0.1,55.4,27.1,27.1,18.4,8
2018-03-31,4.1,1.8,3.3,88.5,3.36,100,16.67,rain,0,0,51.5,26.1,26.1,19.9,10.5
2018-04-01,6.5,-0.8,2.9,74,0.055,100,8.33,"rain,snow",0,0,20.9,12,12,6.2,2.4
2018-04-02,4,-1.5,1.3,89.6,2.555,100,8.33,"rain,snow",0.6,0.3,61.2,30.3,30.3,19.1,4.3
2018-04-03,4.2,1.3,2.6,95.4,15.423,100,16.67,"rain,snow",2.7,0.9,53.6,24.3,24.3,17.2,7.3
2018-04-04,2.6,0.6,1.7,96,11.28,100,16.67,"rain,snow",3.5,1.3,46.4,20.2,20.2,11.6,5.6
2018-04-05,9.2,-1.5,3.9,75.1,8.366,100,12.5,"rain,snow",0,0.4,44.6,26.3,26.3,14,3.7
2018-04-06,9.1,3.4,6.5,79.1,0.661,100,12.5,rain,0,0.2,51.8,24.1,24.1,13.3,4.1
2018-04-07,11.7,7.3,9,82.5,1.533,100,8.33,rain,0,0.1,33.8,15.4,15.4,9.2,2.4
2018-04-08,11.8,5.4,8.8,85,1.502,100,8.33,rain,0,0.1,23,13.1,13.1,9.1,4.5
2018-04-09,10.5,5.6,7.7,90.5,0.184,100,12.5,rain,0,0.3,32.8,16.1,16.1,9.6,2.7
2018-04-10,6.2,5,5.5,96.2,1.759,100,16.67,rain,0,0.1,53.6,28.5,28.5,22.8,15.3
2018-04-11,7.4,5.1,5.8,93.3,0.325,100,4.17,rain,0,0.1,46.8,23.1,23.1,18.4,14.2
2018-04-12,7.4,5,5.8,90.6,0.095,100,4.17,rain,0,0,50,28,28,21.5,17.3
2018-04-13,6.3,5.2,5.9,96.4,3.362,100,12.5,rain,0,0,36.4,18.9,18.9,12.9,1.3
2018-04-14,13.6,5.8,9,85.8,0.123,100,8.33,rain,0,0,28.4,18.7,18.7,6.4,0.8
2018-04-15,13.4,2.3,8.2,87.1,0.205,100,8.33,rain,0,0,48.6,24,24,13.4,2.5
2018-04-16,13.3,6.8,9.9,80.4,2.432,100,8.33,rain,0,0,53.1,25.7,25.7,14.9,4.4
2018-04-17,14.5,9,11.8,75.6,2.663,100,12.5,rain,0,0,72.4,36,36,23.7,8.4
2018-04-18,16.2,10.1,13,78.9,0.341,100,12.5,rain,0,0,53.6,22.7,22.7,15.3,8.8
2018-04-19,16.7,9.4,14,75.9,0,0,0,,0,0,41.8,23.6,23.6,13.7,4.8
2018-04-20,15,7.5,11.3,76,0.101,100,4.17,rain,0,0,53.6,27.9,27.9,15.6,4.3
2018-04-21,16.6,3,10.2,74.6,0,0,0,,0,0,27,15.4,15.4,8.3,0.9
2018-04-22,12.1,8.1,10.2,79.8,0.331,100,8.33,rain,0,0,57.6,27.5,27.5,15.1,3.3
2018-04-23,11.4,8.1,9.8,80.6,0.765,100,16.67,rain,0,0,61.2,35.6,35.6,28.2,23.2
2018-04-24,12.4,6.6,9.4,75.8,1.015,100,12.5,rain,0,0,55.4,31.8,31.8,22.5,9.1
2018-04-25,10.9,5.8,8.1,79.5,0.737,100,16.67,rain,0,0,53.6,32,32,20.6,9.9
2018-04-26,11.5,5.8,8.3,76.2,0.738,100,12.5,rain,0,0,61.1,34.9,34.9,25.7,16.4
2018-04-27,11.5,3.4,7.2,74.3,1.516,100,4.17,rain,0,0,31,17.5,17.5,11.1,4.3
2018-04-28,10.6,2.9,6.8,82.1,1.19,100,16.67,rain,0,0,32.4,17.5,17.5,9.5,1.1
2018-04-29,10.8,1.8,6.3,76.7,0.26,100,12.5,rain,0,0,23,14.6,14.6,8.1,3.1
2018-04-30,11.1,1.2,6.4,72.9,0.111,100,4.17,rain,0,0,27.4,15.1,15.1,8.7,2.7
2018-05-01,11.9,-0.5,6.6,77.4,0.08,100,4.17,rain,0,0,56.5,30.9,30.9,17.1,2.4
2018-05-02,11,5.3,8.5,75.1,4.352,100,16.67,rain,0,0,50.8,25.5,25.5,17.4,9.3
2018-05-03,10.3,4.7,8.2,82.3,0.239,100,8.33,rain,0,0,50,24.9,24.9,19.4,12.7
2018-05-04,14.5,9.8,11.9,85.4,0.337,100,8.33,rain,0,0,46.4,28.2,28.2,18.6,10
2018-05-05,15.7,10.8,12.9,83.9,0,0,0,,0,0,53.6,24.7,24.7,16.2,6.7
2018-05-06,20.3,8.6,14.6,76.6,0,0,0,,0,0,40.7,24.5,24.5,11.9,3.5
2018-05-07,19.8,8.6,13.7,76.2,0,0,0,,0,0,35.3,21.1,21.1,10.4,2.4
2018-05-08,15.3,8.4,12.2,80.6,0.972,100,8.33,rain,0,0,46.4,24.2,24.2,13,2.9
2018-05-09,12.4,4.4,8.9,83.8,1.515,100,12.5,rain,0,0,51.8,27.8,27.8,14.8,1.8
2018-05-10,13,5.7,9.5,71.4,0.935,100,8.33,rain,0,0,53.6,27.3,27.3,17.9,7.3
2018-05-11,14,3.4,10,70,0.032,100,4.17,rain,0,0,55.8,23.9,23.9,14.3,6.8
2018-05-12,15.6,5.7,11.2,71.2,0.866,100,8.33,rain,0,0,19.1,16,16,8.4,3.5
2018-05-13,16.7,8.4,11.6,75.2,2.878,100,12.5,rain,0,0,36,21.5,21.5,9.3,2.7
2018-05-14,18.3,4,11.9,71.2,0,0,0,,0,0,20.5,13.8,13.8,7.9,3.3
2018-05-15,18.3,5.7,12.3,77.5,0,0,0,,0,0,40,23,23,12.3,2.2
2018-05-16,14.7,3.7,10.1,64.3,0,0,0,,0,0,32.8,16.5,16.5,9.6,4.6
2018-05-17,16.1,3.2,10.3,68.1,0,0,0,,0,0,27.7,14.4,14.4,7.2,1.9
2018-05-18,17.6,3.1,11.3,69.1,0,0,0,,0,0,27.4,15.3,15.3,8.1,1.5
2018-05-19,19.6,5.9,13.8,64.2,0,0,0,,0,0,41,21.4,21.4,11.9,2.6
2018-05-20,17.8,12.3,14.7,60.4,0,0,0,,0,0,45.4,20.9,20.9,15.2,3.8
2018-05-21,19,9.7,14.7,68.8,0,0,0,,0,0,29.9,18.2,18.2,10.7,2.9
2018-05-22,13.5,9,11,76.2,0,0,0,,0,0,37.8,21.5,21.5,17.1,11.4
2018-05-23,13.9,8.5,10.5,80.9,0,0,0,,0,0,30.6,17.1,17.1,12.5,8.8
2018-05-24,14.9,8,10.4,86,0,0,0,,0,0,32,17.3,17.3,11.4,8.4
2018-05-25,19.6,5.8,13.1,74.7,0,0,0,,0,0,53.6,25,25,12.1,2.5
2018-05-26,17.8,9.6,13.5,75.4,0.01,100,4.17,rain,0,0,45,24.1,24.1,15.1,8
2018-05-27,15.9,7.8,12,82.8,0,0,0,,0,0,44.3,20.1,20.1,14.9,9.2
2018-05-28,21.4,9.1,14.7,82.8,0,0,0,,0,0,28.8,15.2,15.2,8.6,3.4
2018-05-29,17,9.8,13,89.6,0.036,100,4.17,rain,0,0,40,17.7,17.7,10.8,5.6
2018-05-30,19.4,9.8,14.5,85.3,0,0,0,,0,0,37.1,17.7,17.7,10.4,4.1
2018-05-31,17.9,12.1,14.3,91.5,0.036,100,4.17,rain,0,0,20.2,10.3,10.3,7.4,3.2
2018-06-01,21.3,11.1,16.3,88.6,1.142,100,4.17,rain,0,0,23.8,11.1,11.1,4.7,1.8
2018-06-02,22.1,11.2,16.3,89.9,7.412,100,8.33,rain,0,0,27.4,11.9,11.9,5.5,1.8
2018-06-03,18.2,13.2,15.4,92.9,2.189,100,16.67,rain,0,0,21.2,10,10,5.3,0.6
2018-06-04,14.3,11.1,12.9,92.2,0.01,100,4.17,rain,0,0,27.4,16,16,10.6,5.2
2018-06-05,17.3,10.3,13.1,73.9,0.008,100,4.17,rain,0,0,29.5,16.5,16.5,11.7,7.8
2018-06-06,18.7,7.9,12.8,74.1,0,0,0,,0,0,28.8,13.6,13.6,9.4,5.7
2018-06-07,19.2,8.4,13.4,76.9,0.08,100,4.17,rain,0,0,33.8,16.9,16.9,9.8,2.4
2018-06-08,16.9,10.6,13.2,77.5,0.016,100,4.17,rain,0,0,28.8,14.3,14.3,10.9,7.6
2018-06-09,17.8,9.5,13.3,84.5,2.869,100,4.17,rain,0,0,25.6,15.4,15.4,9,3.9
2018-06-10,19.6,11.2,14.5,85.4,0.533,100,12.5,rain,0,0,29.5,14.9,14.9,7.8,2.5
2018-06-11,15.9,10.1,13.1,87.7,0.188,100,8.33,rain,0,0,23,13.5,13.5,8.2,3.3
2018-06-12,18.9,11.1,14.2,80,0.312,100,12.5,rain,0,0,23.4,15.9,15.9,8.1,3.3
2018-06-13,15.9,9.7,13.3,79.1,0.33,100,8.33,rain,0,0,50,23,23,16.2,7.1
2018-06-14,16.3,9.8,14.3,72.6,5.852,100,16.67,rain,0,0,93,50.1,50.1,37.2,19
2018-06-15,15.2,9.3,11.9,77.7,0.639,100,16.67,rain,0,0,48.2,27.9,27.9,19.9,8.1
2018-06-16,14.4,9.3,11.9,85.1,7.74,100,8.33,rain,0,0,36,18.6,18.6,10.5,2
2018-06-17,16.4,7.2,12.2,83.8,0.169,100,8.33,rain,0,0,39.6,20.2,20.2,15.5,9.4
2018-06-18,17,10.3,13.4,72.3,0.154,100,8.33,rain,0,0,64.8,35.9,35.9,26.5,17.9
2018-06-19,14.9,9,11.9,71,0,0,0,,0,0,50.8,26.6,26.6,18.5,4.2
2018-06-20,15.2,9.3,11.8,81.4,18.679,100,12.5,rain,0,0,51.1,23.9,23.9,13.6,5.5
2018-06-21,17.2,6.3,12.2,62.8,0.555,100,4.17,rain,0,0,50,23.7,23.7,17.1,9.4
2018-06-22,18.3,8,13.2,65.6,0,0,0,,0,0,35.6,19.7,19.7,14.2,9.8
2018-06-23,18.9,8.5,13.7,69.8,0,0,0,,0,0,36,20.8,20.8,14.9,8
2018-06-24,22.1,9.2,15.6,66,0,0,0,,0,0,34.6,20.8,20.8,15.3,7.3
2018-06-25,24,7.8,16.4,60,0,0,0,,0,0,24.5,16.4,16.4,10.8,5.2
2018-06-26,20.6,8.5,14.3,80.9,0,0,0,,0,0,22,13.1,13.1,7.2,2.8
2018-06-27,22.5,10.9,15.6,82.5,0,0,0,,0,0,19.8,12.3,12.3,7.7,4.7
2018-06-28,27.1,10,18.7,73.1,0,0,0,,0,0,31,15.8,15.8,7.2,1.5
2018-06-29,17.3,11,13.9,86.8,0,0,0,,0,0,32,18.4,18.4,11.7,2.9
2018-06-30,19.7,11.5,15.2,76.4,0,0,0,,0,0,38.2,18.1,18.1,12.1,5.6
2018-07-01,21,10,16.1,76.5,0,0,0,,0,0,26.6,14.9,14.9,9.3,3.4
2018-07-02,18.3,10.9,14.6,81.6,0,0,0,,0,0,46.4,19.4,19.4,13.2,4.3
2018-07-03,21.5,9.8,15.9,74.3,0,0,0,,0,0,31.7,16.6,16.6,9.9,3.7
2018-07-04,22.6,8.7,17.1,75.1,0,0,0,,0,0,24.1,14.4,14.4,8.2,2.3
2018-07-05,22.4,12.6,17,68.5,0,0,0,,0,0,40.7,19.5,19.5,13.1,6.8
2018-07-06,21.9,11.1,16.3,65.8,0,0,0,,0,0,33.8,21.7,21.7,12.4,4.4
2018-07-07,23.1,7.8,16.7,70.8,0,0,0,,0,0,32,17.9,17.9,9.4,3.2
2018-07-08,24.1,15.5,19.8,70.4,0,0,0,,0,0,48.2,23.6,23.6,15.1,7.9
2018-07-09,20,13.3,15.8,79.7,0.339,100,8.33,rain,0,0,27.4,17.7,17.7,11.1,7
2018-07-10,19.3,13.5,16.3,72.1,0.016,100,4.17,rain,0,0,26.3,10.6,10.6,7.2,3.1
2018-07-11,19.9,12.2,16.3,79.9,0.362,100,4.17,rain,0,0,21.2,14.7,14.7,8.2,3
2018-07-12,18.2,12.7,15.6,83.6,0.244,100,8.33,rain,0,0,20.9,13.9,13.9,8.1,2.7
2018-07-13,20.7,13.9,17,80.4,0.247,100,8.33,rain,0,0,22,11.9,11.9,7.5,3
2018-07-14,24.2,11.1,18.5,69.2,0.03,100,4.17,rain,0,0,50,25.8,25.8,16.1,4.3
2018-07-15,20.4,15.8,18.3,79.4,0.441,100,8.33,rain,0,0,36.7,18,18,12.6,8.5
2018-07-16,21,15.1,18,70.7,0.196,100,8.33,rain,0,0,36.4,19.9,19.9,13,4.2
2018-07-17,19.6,11.8,15.6,68.6,0.101,100,8.33,rain,0,0,36.4,20.3,20.3,12.4,4.9
2018-07-18,20,10.4,15.7,71.6,0.222,100,8.33,rain,0,0,22.3,13,13,6.9,3
2018-07-19,21.4,12.5,17.1,63.7,0,0,0,,0,0,37.1,21,21,10.8,2.1
2018-07-20,18.7,12.6,15.2,88,4.198,100,12.5,rain,0,0,20.2,13.4,13.4,9.4,4.9
2018-07-21,21.4,14.5,17.1,81.2,0.402,100,4.17,rain,0,0,37.8,22.1,22.1,14.3,5.8
2018-07-22,21.8,14.5,18.1,83.4,0,0,0,,0,0,51.8,25.6,25.6,19.5,9.1
2018-07-23,22.6,16,19.3,82.5,1.171,100,4.17,rain,0,0,51.8,26.4,26.4,15.8,5.5
2018-07-24,19.9,12,16.3,74.5,5.629,100,4.17,rain,0,0,39.2,22,22,13.1,6.3
2018-07-25,23.2,8.4,16.2,69.5,0,0,0,,0,0,39.2,20.7,20.7,9.9,1.7
2018-07-26,25.9,8.5,18.3,66.4,0,0,0,,0,0,38.9,18.3,18.3,9.3,3.3
2018-07-27,25.6,14.3,20.3,71.6,0,0,0,,0,0,46.4,19.2,19.2,9.3,2.8
2018-07-28,19.1,10.9,16.1,85.8,8.156,100,12.5,rain,0,0,60.2,31.6,31.6,17.4,4.8
2018-07-29,16.8,11.5,13.9,86.5,10.491,100,12.5,rain,0,0,59.4,25,25,14.2,4.4
2018-07-30,19.5,9.7,14,83,2.253,100,16.67,rain,0,0,52.2,23.7,23.7,10.4,3.7
2018-07-31,17.9,10.2,14.5,79.7,2.046,100,8.33,rain,0,0,57.6,30.8,30.8,17,6.4
2018-08-01,17.5,12.5,15.5,82.7,2.287,100,8.33,rain,0,0,46.4,21.2,21.2,14.2,4.8
2018-08-02,23.1,15.3,18.7,87.1,1.586,100,12.5,rain,0,0,50,21.3,21.3,13.3,4.7
2018-08-03,21.4,14.3,18.4,83.3,2.071,100,4.17,rain,0,0,46.4,24,24,15.6,5.3
2018-08-04,20.2,11.4,15.6,77.9,0,0,0,,0,0,48.2,27.3,27.3,16,7.4
2018-08-05,19.4,13.2,16.3,75.7,0,0,0,,0,0,48.2,20.9,20.9,15.5,7.7
2018-08-06,20.7,13.8,17.1,81.9,0.31,100,8.33,rain,0,0,50,27.3,27.3,17.7,4.6
2018-08-07,18.3,11.5,15.1,79.8,0.903,100,12.5,rain,0,0,35.3,21.3,21.3,10.4,2.4
2018-08-08,17.5,9.3,13.4,77.6,0.066,100,8.33,rain,0,0,50,23,23,13.6,4.4
2018-08-09,18.7,6.4,12.8,71,0,0,0,,0,0,44.6,23.6,23.6,13.6,3.6
2018-08-10,16.7,7.3,12.1,83.1,0.729,100,16.67,rain,0,0,32.8,16.6,16.6,8.4,3.9
2018-08-11,17.9,7.3,13.5,73.5,0,0,0,,0,0,26.3,15,15,10,6.8
2018-08-12,14.5,13.1,13.8,96,9.115,100,16.67,rain,0,0,42.5,19.2,19.2,14.3,8.1
2018-08-13,15.9,13.2,14.4,98,4.389,100,12.5,rain,0,0,30.2,13.4,13.4,8.8,2.2
2018-08-14,18.5,13.1,15.6,91,2.681,100,8.33,rain,0,0,46.4,24.7,24.7,15.6,5.4
2018-08-15,20.1,15.2,17,83.9,1.872,100,12.5,rain,0,0,57.6,28.4,28.4,17.1,8.1
2018-08-16,16.5,10.8,14.1,79.1,1.339,100,12.5,rain,0,0,61.2,27.3,27.3,19.6,9.2
2018-08-17,16.5,11.7,13.9,84.8,0.392,100,16.67,rain,0,0,51.8,31.5,31.5,23.6,16.3
2018-08-18,16.9,14.3,15.3,85.7,0.5,100,12.5,rain,0,0,55.4,26.2,26.2,20.8,4.6
2018-08-19,16,12.3,14.1,96.9,9.38,100,16.67,rain,0,0,33.8,16.7,16.7,9.5,3.1
2018-08-20,18.2,11.7,14.7,85.9,2.256,100,8.33,rain,0,0,16.6,9,9,6.1,1.4
2018-08-21,20.6,13.5,16.3,90,0.364,100,12.5,rain,0,0,43.2,21.6,21.6,11.6,4.8
2018-08-22,18.5,11.2,16.3,79.9,5.62,100,12.5,rain,0,0,50,25,25,17.9,10.2
2018-08-23,15.1,9.5,12.2,81.2,1.028,100,8.33,rain,0,0,49,25.7,25.7,16.8,7.5
2018-08-24,14.7,8.9,11.6,77.9,0.748,100,12.5,rain,0,0,46.4,27.4,27.4,16.7,6.1
2018-08-25,16.6,6.5,11.8,69.8,0.463,100,8.33,rain,0,0,36.7,16.5,16.5,10.3,4.4
2018-08-26,12.1,9.3,10.8,90.5,6.082,100,12.5,rain,0,0,34.9,12.4,12.4,7.2,3
2018-08-27,18.3,9.7,13.7,85.4,0.4,100,8.33,rain,0,0,37.4,22,22,15.2,6.3
2018-08-28,16.7,11.4,13.9,80,0,0,0,,0,0,51.8,26,26,15.6,6.1
2018-08-29,17.5,9.4,13.5,73,0.149,100,12.5,rain,0,0,46.4,26.4,26.4,17.3,9.2
2018-08-30,15.7,6,11.3,77.8,0.164,100,4.17,rain,0,0,21.6,12.4,12.4,8.2,2.6
2018-08-31,18.7,4.1,11.6,77.6,0.01,100,4.17,rain,0,0,33.1,19.7,19.7,8,0.7
2018-09-01,17.9,10.3,14.9,87,0.125,100,8.33,rain,0,0,31.3,20,20,10.8,3.4
2018-09-02,20.3,11.2,16.1,89.9,0.016,100,4.17,rain,0,0,48.2,23.2,23.2,10.4,2.7
2018-09-03,16,9.5,12.8,92.9,1.39,100,8.33,rain,0,0,21.6,14.3,14.3,8.3,1.2
2018-09-04,16.8,8.2,11.7,82.2,0.053,100,8.33,rain,0,0,13.7,11,11,5.9,3
2018-09-05,17.5,5.8,12.3,84.2,0.008,100,4.17,rain,0,0,31,17.5,17.5,8.7,1.6
2018-09-06,13,5.1,9.5,84.8,5.364,100,12.5,rain,0,0,26.3,15.8,15.8,8.4,4.5
2018-09-07,16.7,6.9,12,78.7,0.507,100,12.5,rain,0,0,34.6,18.2,18.2,12.7,8.1
2018-09-08,17.5,7.8,12.5,83,0.044,100,8.33,rain,0,0,48.2,22.5,22.5,13.7,7.1
2018-09-09,16.2,10.8,13.6,83.2,1.535,100,12.5,rain,0,0,56.3,32.5,32.5,19.1,3.9
2018-09-10,14.5,11.2,12.4,86,1.688,100,12.5,rain,0,0,63,35.8,35.8,26.6,14.3
2018-09-11,15.1,11.2,13,78.9,4.913,100,16.67,rain,0,0,70.5,39.7,39.7,31.8,23
2018-09-12,14.3,9.8,11.6,75.8,0.509,100,12.5,rain,0,0,53.6,28.9,28.9,22.6,11.9
2018-09-13,13.9,9.7,11.8,79.9,0.594,100,12.5,rain,0,0,57.6,32.9,32.9,22.4,13.9
2018-09-14,14.4,7.6,11.4,85.2,2.838,100,16.67,rain,0,0,61.2,27.9,27.9,18.2,11.4
2018-09-15,14.2,5.6,10.5,85.3,0.152,100,4.17,rain,0,0,37.8,20,20,12.6,5.4
2018-09-16,15.5,11.5,13.6,82.5,2.413,100,8.33,rain,0,0,63.2,32.5,32.5,23.1,10.8
2018-09-17,17.7,10.2,14,83.1,0.125,100,4.17,rain,0,0,64.8,39.2,39.2,14.6,5
2018-09-18,17,14,15.7,83.9,3.062,100,4.17,rain,0,0,60.2,40.7,40.7,17.4,4.6
2018-09-19,15.7,9.2,12.2,75.9,14.001,100,16.67,rain,0,0,102.2,64,64,34.7,9.5
2018-09-20,12.8,8.4,10.1,79.9,6.121,100,12.5,rain,0,0,77.8,35.2,35.2,20.3,4
2018-09-21,12.9,7,9.4,77.8,1.968,100,16.67,rain,0,0,49.3,29.3,29.3,18.4,5.8
2018-09-22,13.3,4.6,9.3,72.3,0.117,100,8.33,rain,0,0,50,29.3,29.3,20.4,10
2018-09-23,13.3,1.2,7.5,76.5,0.181,100,8.33,rain,0,0,48.2,17.7,17.7,9.7,4.6
2018-09-24,13.9,4.7,9.2,73.9,0.02,100,4.17,rain,0,0,41.8,21.6,21.6,14.4,7.6
2018-09-25,13.5,6.7,10.6,82.1,0.161,100,4.17,rain,0,0,66.3,34.7,34.7,23.4,10.3
2018-09-26,17.8,13.3,15.8,90.3,1.099,100,12.5,rain,0,0,61.2,33.5,33.5,29.2,22.1
2018-09-27,16.4,6.9,12.8,80.1,0.364,100,8.33,rain,0,0,59.4,33.6,33.6,22.1,7.2
2018-09-28,12.7,2.8,8,77.7,0,0,0,,0,0,30.2,16.5,16.5,10.7,5.3
2018-09-29,11.5,7.9,9.9,80.4,0,0,0,,0,0,59.4,34.1,34.1,26.2,14.2
2018-09-30,12.1,6.9,9.4,73.3,0.538,100,8.33,rain,0,0,53.6,28,28,19,9.9
2018-10-01,11,3.4,7.2,86.1,1.375,100,12.5,rain,0,0,51.5,28.7,28.7,13.1,4.1
2018-10-02,13.7,7.4,11.5,68,0.161,100,4.17,rain,0,0,59.6,33.4,33.4,25.3,14
2018-10-03,15.3,5.8,10.9,87.6,0.236,100,8.33,rain,0,0,58.9,33.7,33.7,16.9,4.1
2018-10-04,15.7,8.1,12.9,85.4,0.267,100,16.67,rain,0,0,61.2,32,32,22.8,9.9
2018-10-05,12.4,4.4,7.9,79.2,0.018,100,8.33,rain,0,0,32.8,15.9,15.9,9,4.5
2018-10-06,11.9,2,6.3,79.4,0,0,0,,0,0,30.6,12.5,12.5,7.8,4
2018-10-07,12.9,3,8.5,87.6,2.705,100,8.33,rain,0,0,75.2,44.7,44.7,25.5,6
2018-10-08,14.6,12.8,13.6,88.8,3.682,100,12.5,rain,0,0,73.3,39.3,39.3,30.5,16.9
2018-10-09,14.6,13.1,13.9,87.1,8.224,100,16.67,rain,0,0,68,36,36,30.7,21.8
2018-10-10,17.2,12.8,14.6,80.5,2.061,100,4.17,rain,0,0,51.8,24.3,24.3,12.8,6.8
2018-10-11,16.3,9,13.4,88.3,1.157,100,8.33,rain,0,0,59.4,19.3,19.3,13.3,4.4
2018-10-12,16.4,6.9,12,86.4,12.802,100,16.67,rain,0,0,88.9,35.1,35.1,20.8,6.3
2018-10-13,15.6,10.1,12.3,92.4,13.812,100,16.67,rain,0,0,61.2,26.3,26.3,13,3.1
2018-10-14,12.7,3.3,8.6,86.3,0.486,100,4.17,rain,0,0,46.4,20.4,20.4,8.6,3.4
2018-10-15,13.3,2.1,6.5,86.7,0,0,0,,0,0,18,10,10,4.7,1.5
2018-10-16,14.5,4.7,9.8,88.4,0.22,100,8.33,rain,0,0,53.6,27.5,27.5,11.9,3.3
2018-10-17,12.7,4.4,9.7,82.3,0.124,100,8.33,rain,0,0,37.1,20.2,20.2,13.3,5.8
2018-10-18,11.4,1.6,6.3,86.6,0.101,100,4.17,rain,0,0,21.6,13.3,13.3,6.8,3.4
2018-10-19,12.2,4.4,8.6,86.5,0.01,100,4.17,rain,0,0,48,23,23,12.5,3.6
2018-10-20,14.6,5.7,11.8,93.3,0.147,100,12.5,rain,0,0,53.6,25.2,25.2,15.2,3.9
2018-10-21,15.2,7.9,12.4,81.1,0.741,100,12.5,rain,0,0,53.6,30.8,30.8,21.9,15.8
2018-10-22,11.4,6.5,9.3,75,0.008,100,4.17,rain,0,0,67.1,39.8,39.8,26.5,12.7
2018-10-23,14.6,10.4,12.3,81.8,0.088,100,8.33,rain,0,0,74,44.5,44.5,35.7,30.3
2018-10-24,12.5,10.6,11.6,80.5,0.032,100,4.17,rain,0,0,62.4,30,30,24.9,19.7
2018-10-25,14.1,9.3,11.4,86.7,0.04,100,8.33,rain,0,0,53.6,27,27,22,13.9
2018-10-26,8.5,3.9,6.3,74.3,0.345,100,8.33,rain,0,0,50.8,24.7,24.7,14.6,8.6
2018-10-27,6.7,2.5,4.2,67.5,0.01,100,4.17,rain,0,0.2,50,20,20,12.5,8.5
2018-10-28,8.6,-2.2,2.9,81.4,0.055,100,8.33,rain,0,0,24.8,11.2,11.2,6.2,3.1
2018-10-29,7.1,-4.5,-0.2,90.8,0.228,100,4.17,rain,0,0,30.6,10.8,10.8,5.4,2.1
2018-10-30,7.6,0.1,3.6,91.8,1.729,100,12.5,"rain,snow",0,0,50,10.6,10.6,5.5,3
2018-10-31,9.6,0.3,5.1,89.2,1.602,100,12.5,"rain,snow",0,0,33.5,15.3,15.3,8.5,1.9
2018-11-01,7.8,0.9,4.7,90.6,5.182,100,16.67,rain,0,0,28.1,16.6,16.6,9,2.8
2018-11-02,9.2,1.3,5.4,82.2,0.137,100,4.17,rain,0,0,33.1,16.6,16.6,11.3,6.4
2018-11-03,14.8,7.8,12.5,85.4,8.598,100,12.5,rain,0,0,72.4,32.8,32.8,26.4,13.3
2018-11-04,12.7,7.8,10.2,81.7,7.14,100,8.33,rain,0,0,59.8,25.5,25.5,13.6,4.1
2018-11-05,10.6,7.4,8.8,94.7,2.05,100,8.33,rain,0,0,19.4,9.9,9.9,5.7,2.9
2018-11-06,12.9,8.2,10.9,89,0,0,0,,0,0,43.9,26.7,26.7,12.9,5.6
2018-11-07,12.6,7.2,11.2,85.9,2.055,100,12.5,rain,0,0,53.6,21.5,21.5,15.9,8.8
2018-11-08,10.3,2.1,7,88.4,0.795,100,12.5,rain,0,0,51.8,15,15,9.5,4.6
2018-11-09,10.7,8.5,9.6,81.5,6.091,100,12.5,rain,0,0,62,32.6,32.6,21.7,12
2018-11-10,10.7,6,8.7,85.7,8.675,100,16.67,rain,0,0,56,20.9,20.9,10.4,3.8
2018-11-11,8.6,4.5,6,95.4,5.732,100,12.5,rain,0,0,21.6,10.3,10.3,6,2.2
2018-11-12,10.9,7.4,9,85,0.535,100,12.5,rain,0,0,43.9,17.9,17.9,12,6.8
2018-11-13,11,6.7,9,85.9,1.115,100,12.5,rain,0,0,50,29.6,29.6,15.7,5.4
2018-11-14,13.7,11.1,12.5,86.8,8.624,100,12.5,rain,0,0,64.8,31,31,22.2,12.3
2018-11-15,14.2,9.8,12,79.2,0.133,100,8.33,rain,0,0,51.8,28.4,28.4,17.4,9.3
2018-11-16,11.7,5.2,8.7,94.4,1.149,100,4.17,rain,0,0,28.4,11.4,11.4,5.5,1
2018-11-17,10.1,6.7,8.1,87.2,0.01,100,4.17,rain,0,0,33.5,18.8,18.8,14.8,9.1
2018-11-18,9.5,5.1,7,89.2,0.053,100,4.17,rain,0,0,33.1,13.6,13.6,9.5,4.7
2018-11-19,7.9,5.4,6.9,84.1,0.364,100,8.33,rain,0,0,50,20.9,20.9,13.4,5
2018-11-20,6.8,5.4,5.8,85.3,2.271,100,12.5,rain,0,0,67.1,31.1,31.1,23.3,15.5
2018-11-21,6.3,1.1,5,86.1,14.802,100,16.67,rain,0,0,76,34.2,34.2,20.9,5
2018-11-22,6.3,-0.9,2.5,96.8,1.067,100,8.33,"rain,snow",0,0,25.9,9,9,4.4,2.2
2018-11-23,7.3,4.6,6.2,95.4,2.577,100,12.5,rain,0,0,29.2,13,13,9.3,3.8
2018-11-24,6.5,3,4.7,96.4,1.266,100,16.67,rain,0,0,35.3,10,10,5.5,1
2018-11-25,5.8,3.8,4.7,90.6,3.667,100,16.67,rain,0,0,53.6,18.6,18.6,12,4.2
2018-11-26,5.5,1.7,3.6,91.8,1.606,100,16.67,"rain,snow",0,0,29.2,13.1,13.1,7.8,4.2
2018-11-27,6.4,2.3,4.6,88.3,3.256,100,16.67,rain,0,0,55.4,28.1,28.1,16.5,5.3
2018-11-28,12.7,6,9.2,87.9,9.765,100,16.67,rain,0,0,77.3,45.9,45.9,23.5,8.8
2018-11-29,9.3,6,8.1,86,16.756,100,12.5,rain,0,0,65,32.8,32.8,23,9.8
2018-11-30,8.1,4.1,6,84.1,5.611,100,16.67,rain,0,0,67.3,39.2,39.2,30.9,22.2
2018-12-01,5.7,3.5,4.7,91.6,0.999,100,16.67,rain,0,0,42.5,23.8,23.8,9.5,2.5
2018-12-02,5.5,3,4.6,99.2,1.096,100,16.67,rain,0,0,24.1,7,7,4,1.5
2018-12-03,6.9,-0.8,3.7,89.2,5.399,100,4.17,rain,0,0,44.6,18.6,18.6,9.3,3.8
2018-12-04,4.2,-2,0.9,93.8,0.184,100,4.17,rain,0,0.3,23,13,13,7.9,3.4
2018-12-05,5.1,-2,1.2,98.9,2.088,100,12.5,"rain,snow",0,0.5,29.9,10.5,10.5,5.8,2.5
2018-12-06,11.5,4.3,7.6,92.1,2.319,100,12.5,rain,0,0.1,63,34.2,34.2,16,4.6
2018-12-07,9.1,5.9,7.2,86.4,11.066,100,12.5,rain,0,0,72.4,42.4,42.4,30,7.4
2018-12-08,9.1,3.8,7.3,81.7,3.215,100,16.67,rain,0,0,62.8,36.3,36.3,23.5,7.7
2018-12-09,6.2,0.2,3.1,86.2,0.008,100,4.17,rain,0,0,25.6,13.4,13.4,8.6,4.1
2018-12-10,3.8,-1.5,0.7,94.1,0.164,100,8.33,"rain,snow",0,0,21.2,8.3,8.3,3.9,2.1
2018-12-11,5.7,1,3.5,96.6,0.117,100,8.33,rain,0,0,16.9,9.4,9.4,3.2,1
2018-12-12,7.2,3.3,5.9,84.2,0.008,100,4.17,rain,0,0,51.8,22.7,22.7,15.4,7.6
2018-12-13,4.9,2.3,3.6,69.8,0,0,0,,0,0,55.4,19.2,19.2,14.7,10.8
2018-12-14,3.5,-1.7,1,75.9,0,0,0,,0,0.1,33.5,16.4,16.4,9.4,5.8
2018-12-15,2.5,1.5,2.1,76.1,10.658,100,8.33,"rain,snow",2.7,1.4,81.7,30.3,30.3,21.7,12.5
2018-12-16,6.2,1.4,3.6,90.8,15.299,100,12.5,rain,0,1.8,64.8,24.2,24.2,12.3,2.9
2018-12-17,9.6,0.5,4,94.1,0.745,100,16.67,"rain,snow",0,1.6,59.4,24.3,24.3,7.9,2.4
2018-12-18,10.7,6.9,9.3,83.7,6.911,100,16.67,rain,0,0.6,60,28.6,28.6,17.9,6.1
2018-12-19,7.8,1.4,4.9,89.6,0.446,100,12.5,rain,0,0.3,27,11.8,11.8,8,3.6
2018-12-20,6.5,3.2,5.1,93.4,0.861,100,8.33,rain,0,0.1,32,15.1,15.1,7.7,2.5
2018-12-21,6.9,3.4,5.2,95.2,1.779,100,16.67,rain,0,0,25.9,12.6,12.6,7,3.5
2018-12-22,7.9,4.4,6,92.6,0.263,100,12.5,rain,0,0,42.5,22.5,22.5,14.8,6.8
2018-12-23,5.4,-0.7,2.6,95.6,0.196,100,12.5,rain,0,0,26.3,11.5,11.5,5.6,2.3
2018-12-24,3.4,-3.6,-1.2,95.2,0.156,100,4.17,"rain,snow",0,0.3,20.5,10.7,10.7,5.3,2.8
2018-12-25,8.8,-1.5,4.9,97.2,0.062,100,8.33,rain,0,0.9,28.4,13.5,13.5,10.2,5.1
2018-12-26,10.1,9.2,9.5,91.6,0.101,100,4.17,rain,0,0,33.8,22,22,16,9.8
2018-12-27,9.8,8.8,9.3,89.9,0,0,0,,0,0,32.8,21,21,15.2,11.5
2018-12-28,10.3,4.9,8,86.1,0.199,100,8.33,rain,0,0,46.4,27.3,27.3,15.5,6.9
2018-12-29,11.6,5.8,8.7,82.4,5.499,100,12.5,rain,0,0,68.4,39.1,39.1,22,11.6
2018-12-30,11.3,6.8,9.5,89.2,0.314,100,12.5,rain,0,0,57.6,29.3,29.3,19.1,8.1
2018-12-31,11.8,9.2,10.2,83.5,0.02,100,8.33,rain,0,0,65.8,35.3,35.3,29.4,23.8
2019-01-01,11.6,-2.2,4.5,74.5,0.018,100,8.33,rain,0,0,55.1,35.7,35.7,11.1,3.9
2019-01-02,0.9,-4.9,-2.3,89.9,0,0,0,,0,0.6,13,6.3,6.3,3.6,1.8
2019-01-03,3.8,-0.6,1.6,88.1,0,0,0,,0,0.5,16.6,13.4,13.4,6.2,2.1
2019-01-04,6.4,2.6,4.2,86.5,0,0,0,,0,0.3,24.1,16.3,16.3,10.7,5.1
2019-01-05,5.5,2.9,4.2,83.5,0,0,0,,0,0.2,24.5,15.6,15.6,10.9,6.1
2019-01-06,8.6,5.4,7,95.3,0.372,100,16.67,rain,0,0,25.2,13.9,13.9,9.1,2.2
2019-01-07,11.4,7.2,9.3,78.5,1.492,100,12.5,rain,0,0,72.3,45.5,45.5,29.7,9.6
2019-01-08,8,2.2,5.7,69.5,0,0,0,,0,0,50,23,23,12.5,7.4
2019-01-09,4.6,-2,1.9,83.5,0.01,100,4.17,rain,0,0,22.7,11.8,11.8,7.1,2.9
2019-01-10,9.5,4.3,7.1,86,0,0,0,,0,0,26.6,14.5,14.5,11.2,8.3
2019-01-11,8.8,3.9,7.1,86.7,0,0,0,,0,0,50,26.3,26.3,13.7,5.8
2019-01-12,11.1,7.4,9.3,80.8,0.19,100,12.5,rain,0,0,55.5,34.1,34.1,26,19.4
2019-01-13,11.1,6.4,8.8,75.7,0.111,100,8.33,rain,0,0,70.6,37.5,37.5,28.5,14.7
2019-01-14,7.7,0.7,4.4,90.3,0.543,100,16.67,rain,0,0,48.2,28,28,12.3,2.5
2019-01-15,9.6,8,8.9,87.3,0.143,100,12.5,rain,0,0,63,36.3,36.3,29.7,25.2
2019-01-16,9.1,3.1,5.8,80.1,0.832,100,12.5,rain,0,0,57.3,35.1,35.1,23.5,12.9
2019-01-17,4.8,-1.6,1.3,68.4,0.047,100,4.17,rain,0,1.6,51.8,21.3,21.3,11.6,3.5
2019-01-18,3,-4.5,-0.6,84.3,0,0,0,"rain,snow",0.1,1.5,21.2,12.8,12.8,6.1,2
2019-01-19,2.9,0.2,1.6,93.8,0.282,100,4.17,"rain,snow",0,0.6,13.7,5.7,5.7,3.7,2.1
2019-01-20,5.5,-0.8,2.2,86.9,0.062,100,8.33,rain,0,0.2,23.8,13.5,13.5,9,3.9
2019-01-21,4.6,-2.5,1.8,85.9,0.24,100,4.17,rain,0.1,0.5,45,22.2,22.2,12.8,4.1
2019-01-22,2.1,-4.3,0,91.7,1.506,100,4.17,"rain,snow",0,0.7,28.1,15.8,15.8,9.9,3.1
2019-01-23,1.9,-6,-2.4,91,1.307,100,8.33,"rain,snow",0,1.9,19.8,11.3,11.3,6.7,2.9
2019-01-24,2.8,-2.6,-0.1,94.8,1,100,4.17,snow,0,1.7,14.8,8.1,8.1,4,1
2019-01-25,9.9,1.5,7.5,90.6,0.497,100,16.67,"rain,snow",0,0.3,63,30.1,30.1,19,3.8
2019-01-26,9.2,4.4,7.8,89.4,2.026,100,16.67,rain,0,0,51.8,30.7,30.7,20.7,7.8
2019-01-27,5.4,2.2,3.9,66.3,0.289,100,8.33,rain,0,0.1,59.4,29.6,29.6,21.6,10.1
2019-01-28,4.7,-1.4,1.4,72.1,0.008,100,4.17,rain,0,0.8,29.9,21.3,21.3,13,7.2
2019-01-29,2.5,-1.9,0.8,92.3,2.046,100,12.5,"rain,snow",0,2.5,29.9,19.2,19.2,12.3,4.4
2019-01-30,3.1,-2.3,-0.2,89.4,0.205,100,8.33,"rain,snow",0,2.2,23,15.1,15.1,11.4,5.9
2019-01-31,0.3,-5.9,-3.9,94.6,0.046,100,8.33,snow,0,2.1,19.1,6,6,4.2,1.7
2019-02-01,3.6,-7.4,-2.5,87.8,1.731,100,8.33,"rain,snow",0,2.1,21.6,8.7,8.7,5.6,3.2
2019-02-02,3.7,-3.9,0.8,70.2,2.775,100,12.5,"rain,snow",0,2.8,25.6,11.9,11.9,8.5,4.3
2019-02-03,4.3,-5.1,1.2,88.7,3.592,100,8.33,"rain,snow",0,1.3,51.8,22.3,22.3,12,4
2019-02-04,6.9,1.6,4.8,81.7,4.787,100,12.5,rain,0,0,56.1,32.5,32.5,18.1,5.9
2019-02-05,5.2,-2.2,1.3,96.1,2.325,100,8.33,"rain,snow",0,0.3,46.4,12.3,12.3,6.9,2.2
2019-02-06,7.4,2.5,4.7,88.1,3.787,100,12.5,rain,0,0,56.9,21.3,21.3,14,4.6
2019-02-07,6.8,1.4,3.8,91.2,1.902,100,12.5,"rain,snow",0,0,40.7,21.8,21.8,10.9,2.5
2019-02-08,10.5,3.9,7.2,81.4,10.029,100,16.67,rain,0,0,80.5,45,45,28.6,8.1
2019-02-09,9,2.4,6.1,75.8,0.802,100,16.67,rain,0,0,71.5,44,44,30.2,14.7
2019-02-10,6.6,0.7,3,85.6,0.381,100,12.5,"rain,snow",0,0,36.7,20.8,20.8,12.3,7.4
2019-02-11,6.8,-1.4,3.3,82.9,0.018,100,8.33,"rain,snow",0,0,27.7,17.7,17.7,8.7,3.7
2019-02-12,10.7,5.2,8.3,86.6,0.496,100,8.33,rain,0,0,63,33.1,33.1,21.4,11.1
2019-02-13,10.6,5.8,9.3,83.4,1.108,100,8.33,rain,0,0,55.4,28.5,28.5,20.1,5.6
2019-02-14,9.9,4.3,8.2,83.8,0.404,100,8.33,rain,0,0,55.4,25.9,25.9,17.8,7.8
2019-02-15,11.3,-0.6,5.9,80.7,0.008,100,4.17,rain,0,0,64.7,28.5,28.5,13.4,4.3
2019-02-16,10.3,8.8,9.5,78.7,0.595,100,8.33,rain,0,0,55.4,27.5,27.5,19.2,10
2019-02-17,11.6,8.2,10.2,73.5,0.504,100,12.5,rain,0,0,59.4,28.5,28.5,21.7,14.3
2019-02-18,8.6,6.3,7.4,79.1,1.107,100,16.67,rain,0,0,67.2,38.6,38.6,28.6,21.2
2019-02-19,8,4.9,6.5,84,0.318,100,12.5,rain,0,0,36.7,21.7,21.7,15.3,5.8
2019-02-20,11.5,7.4,9.9,88.9,2.131,100,12.5,rain,0,0,63.7,37.5,37.5,22.8,12.2
2019-02-21,13.1,8.8,10.9,86,0.458,100,8.33,rain,0,0,48.2,22.8,22.8,15.1,6.3
2019-02-22,15.1,7.4,10.6,71.8,0,0,0,,0,0,50,23.7,23.7,10.2,4.4
2019-02-23,14.7,7.9,10.5,71,0.621,100,4.17,rain,0,0,59.4,28.9,28.9,14.1,4.3
2019-02-24,8.1,2,5.5,95.6,0.056,100,12.5,rain,0,0,25.2,10.8,10.8,5.3,1.5
2019-02-25,13.9,2.2,6.7,88.7,0,0,0,,0,0,18.4,7.6,7.6,4.6,2.1
2019-02-26,13.6,0.8,6.6,74.8,0.101,100,4.17,rain,0,0,23,13,13,7.3,1.4
2019-02-27,13.1,-0.4,5.4,82.6,0.044,100,4.17,rain,0,0,29.9,21,21,8.9,3.4
2019-02-28,6.4,0,4.5,97.7,0.046,100,8.33,rain,0,0,27.7,13,13,6.6,2
2019-03-01,9.2,4.5,6.6,89.6,0.018,100,4.17,rain,0,0,22.3,12.6,12.6,7.4,4
2019-03-02,10,5.9,7.8,85.5,3.793,100,16.67,rain,0,0,67.7,37.2,37.2,17,3.9
2019-03-03,9.2,4,6.7,73.9,3.36,100,12.5,rain,0,0.1,80.2,47.3,47.3,30,4.4
2019-03-04,9.2,3.1,5.7,77,3.588,100,16.67,rain,0,0,54.2,30.8,30.8,20.4,11
2019-03-05,5.8,0.1,3,92.2,0.813,100,8.33,"rain,snow",0,0,28.8,19.4,19.4,6.8,3
2019-03-06,7.8,0.6,5.2,97.8,14.836,100,16.67,"rain,snow",0,0.3,48.2,24.3,24.3,12.6,3.8
2019-03-07,7.9,3,6,81.7,13.512,100,12.5,rain,0,0,53.6,24.8,24.8,12.4,3.5
2019-03-08,6.7,-1.8,3.2,85.7,3.181,100,8.33,rain,0,0,60.1,30.3,30.3,16.1,5
2019-03-09,7.7,1.9,4.3,76.5,1.548,100,16.67,rain,0,0,58.2,36.8,36.8,26.4,14
2019-03-10,4.6,-0.7,1.8,89.4,4.98,100,8.33,rain,0.4,0,61.8,34.8,34.8,17.1,3.3
2019-03-11,7.9,1.4,4.9,74.9,0.225,100,12.5,"rain,snow",0,0.2,50.5,29.3,29.3,22.5,18.9
2019-03-12,8.3,3.7,5.9,83.2,14.037,100,16.67,rain,0,0,81.9,45,45,33.7,20.3
2019-03-13,10.5,5.8,7.5,71.8,7.302,100,16.67,rain,0,0,73.3,42.4,42.4,29.9,22.9
2019-03-14,9.8,5.8,7.7,77.9,3.904,100,12.5,rain,0,0,58.4,34,34,24.8,16.3
2019-03-15,7.4,4,5.9,76.7,0.541,100,12.5,rain,0,0,68.3,39.8,39.8,28.9,16.7
2019-03-16,4.1,0.6,2.5,90.9,15.44,100,12.5,"rain,snow",5.5,0.9,64.8,21.2,21.2,14.9,6.4
2019-03-17,8.3,2,4.7,71.4,0.175,100,16.67,rain,0,0.3,51.8,27.8,27.8,19.4,11.8
2019-03-18,8.8,2,5.6,78.9,0.081,100,4.17,rain,0,0,29.9,15.3,15.3,10.3,5.2
2019-03-19,10.8,3.5,8.1,89.6,0.174,100,4.17,rain,0,0,53.6,28.8,28.8,18.2,5.3
2019-03-20,13.9,9.1,11.3,86.9,0.024,100,8.33,rain,0,0,57.6,31,31,25.2,19.7
2019-03-21,13.8,10.3,11.8,85.1,0.292,100,12.5,rain,0,0,52.6,33.1,33.1,21.9,9.6
2019-03-22,10.8,4.8,9,79.7,1.593,100,12.5,rain,0,0,65.7,36.4,36.4,27.2,12.3
2019-03-23,9.7,3.9,6.1,68.9,0.154,100,12.5,rain,0,0,53.6,26.3,26.3,20.9,13.4
2019-03-24,9.9,3.9,6.4,74.2,0.587,100,8.33,rain,0,0,70.1,40.6,40.6,27.5,17.1
2019-03-25,10.5,3.7,7.2,63.8,0.01,100,4.17,rain,0,0,41.8,21.4,21.4,14,6.8
2019-03-26,10.7,5.9,8.3,78.3,0.01,100,4.17,rain,0,0,50,24.7,24.7,19.8,14.7
2019-03-27,11.7,8,9.6,78.5,0,0,0,,0,0,50,25.8,25.8,20.3,14.1
2019-03-28,11.5,7.5,9.2,72.2,0,0,0,,0,0.1,51.8,30.3,30.3,21.2,14.6
2019-03-29,11.3,5.9,8.8,75.6,0,0,0,,0,0.5,55.4,32.9,32.9,22.5,13.6
2019-03-30,11,2.1,8,72,0,0,0,,0,0,31.3,20,20,13.4,4.2
2019-03-31,8.6,-2.1,3.7,73.2,0,0,0,,0,0,24.1,15,15,7.7,2.1
2019-04-01,7.7,2.7,5.1,76,0.383,100,4.17,rain,0,0,36.4,17.7,17.7,9.6,4.2
2019-04-02,7.9,3.1,5.1,80.7,1.553,100,16.67,rain,0,0,28.8,13.3,13.3,10.2,5.8
2019-04-03,6.2,3.1,4.7,80.2,4.589,100,12.5,rain,0.3,0,53.6,25.1,25.1,18.8,10.8
2019-04-04,7.7,3.3,5.3,84.5,7.921,100,12.5,rain,0,0.1,57.6,25.5,25.5,18.2,7.1
2019-04-05,11.7,4.7,7.9,75.4,0.02,100,4.17,rain,0,0,53.6,30.9,30.9,21,9
2019-04-06,7.2,2.7,5.1,95.8,4.239,100,12.5,rain,0,0,37.1,21,21,9.9,3.4
2019-04-07,7.3,6.2,6.7,93.9,0.753,100,8.33,rain,0,0,44.6,21.9,21.9,18.8,14.8
2019-04-08,9.2,4.6,6.8,83.4,0,0,0,,0,0,42.1,23.6,23.6,18.6,11.8
2019-04-09,9.5,1.7,6.7,78.7,0,0,0,,0,0,41,22.6,22.6,15.5,4.5
2019-04-10,11,-1.7,4.5,77.8,0.147,100,4.17,rain,0,0,18,12.4,12.4,6.1,2.4
2019-04-11,12.8,-1.7,5.6,74.8,0,0,0,,0,0,20.9,14.5,14.5,8.2,3.3
2019-04-12,10.1,0.3,5.6,75.4,0,0,0,,0,0,42.5,20.8,20.8,10.1,2.2
2019-04-13,9,-0.9,4.6,67.5,0,0,0,,0,0,54.7,27.8,27.8,16.4,3.9
2019-04-14,8.5,0.8,5.3,66.4,0,0,0,,0,0,53.6,25.2,25.2,17.6,8.8
2019-04-15,10,2,6.6,72.1,0,0,0,,0,0,53.9,32.7,32.7,22.7,11.7
2019-04-16,9.6,6.8,7.9,84.3,0.313,100,4.17,rain,0,0,46.4,23.2,23.2,18.1,13.3
2019-04-17,10.9,6.1,8,83,0.145,100,4.17,rain,0,0,39.2,23.4,23.4,16,11.7
2019-04-18,13.1,5.9,8.8,87.1,0,0,0,,0,0,39.2,20.2,20.2,13.8,9
2019-04-19,17.2,6.8,11,80.2,0,0,0,,0,0,25.9,11.9,11.9,8.3,3.1
2019-04-20,22,6,14,69.8,0,0,0,,0,0,26.6,17.1,17.1,7.6,2.2
2019-04-21,21.7,8.1,15.1,61.9,0,0,0,,0,0,46.4,25.5,25.5,12.2,1.9
2019-04-22,20.7,4.3,12.7,65.2,0,0,0,,0,0,42.8,26.1,26.1,12.3,2.6
2019-04-23,12.9,8.4,10.1,83.7,0,0,0,,0,0,51.5,28.4,28.4,18.5,9.1
2019-04-24,11.5,8,9.2,89.7,0,0,0,,0,0,55.1,27.1,27.1,20.3,14.9
2019-04-25,13.9,8,10.3,86.3,1.507,100,16.67,rain,0,0,52.2,24.5,24.5,12.3,3.7
2019-04-26,13.9,6.2,9.7,82.7,3.454,100,16.67,rain,0,0,51.8,19.4,19.4,12.4,4.3
2019-04-27,12.2,6.7,9,85.8,2.251,100,12.5,rain,0,0,28.4,17,17,9.5,3.3
2019-04-28,14.1,8.1,10.6,82.2,2.17,100,8.33,rain,0,0,23,12.1,12.1,7.2,2.9
2019-04-29,13,5.5,9,85.9,0.08,100,4.17,rain,0,0,32.4,18.2,18.2,10,3.6
2019-04-30,13.6,6.8,10.2,85.4,0.024,100,4.17,rain,0,0,23.4,10.4,10.4,6.8,3
2019-05-01,13.4,9.2,11.3,85.2,0.741,100,16.67,rain,0,0,28.4,16.1,16.1,8.6,2.8
2019-05-02,13.7,5.5,8.6,82.2,2.238,100,12.5,rain,0,0,37.1,16.7,16.7,9.7,4.9
2019-05-03,9.2,4.6,6.7,67.4,0.883,100,12.5,rain,0,0,55.4,19.6,19.6,11.2,3.6
2019-05-04,9.5,0.9,6.1,61.5,0,0,0,,0,0,46.4,23.3,23.3,13.3,4.9
2019-05-05,11.3,2.3,7.2,62,0,0,0,,0,0,37.4,17.9,17.9,11.8,4.3
2019-05-06,9.5,4.2,6.9,69.2,2.861,100,8.33,rain,0,0,26.3,12.4,12.4,8.1,3.6
2019-05-07,8.7,2.8,6,78.7,0.78,100,16.67,rain,0,0,38.9,15.8,15.8,10.5,3.4
2019-05-08,7.8,4.6,6,91.5,6.128,100,16.67,rain,0,0,53.6,26.9,26.9,18.4,9.7
2019-05-09,10.6,4.6,7.2,76.2,6.045,100,12.5,rain,0,0,51.8,21.4,21.4,13.8,2.9
2019-05-10,10.9,4.2,7,81.4,4.821,100,16.67,rain,0,0,29.9,16,16,7,2
2019-05-11,13.4,2,8.2,71.4,1.594,100,4.17,rain,0,0,26.3,13.1,13.1,7.4,2.9
2019-05-12,14.9,0.4,8.5,70.2,0.038,100,4.17,rain,0,0,22,17.9,17.9,8.1,2.8
2019-05-13,19.3,5.1,12.3,62.8,0,0,0,,0,0,30.6,20.3,20.3,10.9,2.9
2019-05-14,21.5,4.4,13.8,63.9,0,0,0,,0,0,20.5,14,14,8.3,3.3
2019-05-15,20.1,5.9,13.3,75.7,0,0,0,,0,0,33.1,16.7,16.7,8.3,2.1
2019-05-16,16.1,8.7,12.2,72.7,0,0,0,,0,0,45,24.3,24.3,14.9,6.2
2019-05-17,16.7,7.9,11.5,74.6,0,0,0,,0,0,46.4,23.8,23.8,14.5,5.9
2019-05-18,11,9.3,10.2,96,4.254,100,16.67,rain,0,0,44.6,19.9,19.9,13.3,5
2019-05-19,14.5,9.9,11.8,87.4,2.349,100,12.5,rain,0,0,20.9,12.8,12.8,8.3,4
2019-05-20,15,9.8,12.4,81,0.01,100,4.17,rain,0,0,22.3,14.1,14.1,9.7,5.4
2019-05-21,14.4,8,11.5,81.4,1.532,100,8.33,rain,0,0,28.1,12.7,12.7,7.4,2.7
2019-05-22,14.6,4.1,10.3,75.1,0.653,100,8.33,rain,0,0,42.5,23.3,23.3,15.7,2.5
2019-05-23,15.5,7.8,11.4,73,0,0,0,,0,0,53.1,32.1,32.1,23.9,13.7
2019-05-24,17.8,7.5,12.5,68.2,0,0,0,,0,0,37.1,20.8,20.8,15.8,3.4
2019-05-25,12.9,5.5,10.1,88.4,1.103,100,8.33,rain,0,0,36,18.3,18.3,11.2,2.9
2019-05-26,14.8,10.6,12.4,86.7,8.437,100,12.5,rain,0,0,61.7,37.9,37.9,20.1,5.8
2019-05-27,12.6,8.4,10,79.2,5.463,100,16.67,rain,0,0,61.2,29,29,10.8,4.1
2019-05-28,12.9,6.5,9.2,76.9,1.793,100,12.5,rain,0,0,24.1,11.3,11.3,7.5,2.4
