InfrastructureID,RatePerHour,MaxTime,Latitude,Longitude,TAVG,PRCP,TMAX,TMIN,OBJECTID,OBJECTID.1,Type,STYLE,MeterNumber,MapSymbol,Description,LifecycleStatus,Condition,HoursInEffect,Length_m,Width_m,AccessAisle,AccessAisleWidth_m,LoadingSide,DistanceToNearestLetdown_m,CrossSlope_percent,MeetsSDC16,NewSignageInstalled,CurbPainted,Location,CivicAddress,Comments,Owner,OwnerNotes,Custodian,CustodianNotes,geometry,geometry.1,STATION,NAME,LATITUDE,LONGITUDE,ELEVATION,DATE,PRCP_ATTRIBUTES,TAVG_ATTRIBUTES,TMAX_ATTRIBUTES,TMIN_ATTRIBUTES,OBJECTID.2,OBJECTID.3,Label,Direction,SHAPE_Length,Year,PDF,geometry.2,geometry.3,Temp_Range,High_Temp_Flag,Low_Temp_Flag,No_Precip_Flag,Temp_Range_Score,Weather_Sensitivity_Score,Weather_Sensitivity_Score_Norm
11,4,-1,48.42459974688293,-123.36109330080023,26.3,0.0,38.4,18.2,19,1,1,0,,1,7,0,,-1,,,-1,,-1,-1,,-1,-1,-1,-1,-1,-1,0,-1,0,-1,14,26,0,0,-37.6655,144.8321,113.4,0,0,0,0,0,19,1,161,0,8.000000000624997,1992,,14,26,20.2,1,0,1,1.0,3.0,0.6
18,2,-1,48.44698873114609,-123.33436776072703,20.9,0.0,32.6,19.9,197,2,1,0,,1,3,0,,-1,,,-1,,-1,-1,,-1,-1,-1,-1,-1,-1,0,-1,0,-1,8,24,0,0,-37.6655,144.8321,113.4,110,0,0,0,0,197,2,211,0,8.000039591893954,1992,,8,24,12.700000000000003,0,0,1,0.5,0.5,0.1
20,2,-1,48.442372449468046,-123.3312384269044,17.3,0.0,21.8,15.3,430,3,1,0,,1,3,0,,-1,,,-1,,-1,-1,,-1,-1,-1,-1,-1,-1,0,-1,0,-1,6,81,0,0,-37.6655,144.8321,113.4,217,0,0,0,0,430,3,135,0,7.999972420884864,1987,,6,81,6.5,0,0,1,0.0,0.0,0.0
2,1,2,48.42283676660572,-123.36771459712304,19.6,0.0,22.9,14.5,529,4,0,0,2518.0,1,0,0,,1,,,-1,,-1,-1,,-1,-1,-1,-1,-1,-1,0,0,0,0,23,93,0,0,-37.6655,144.8321,113.4,240,0,0,0,0,529,4,160,0,7.999988151697059,1987,,23,93,8.399999999999999,0,0,1,0.0,0.0,0.0
7,1,1,48.42949218108236,-123.368619324203,22.2,0.0,30.1,15.8,778,5,0,0,4001.0,1,1,0,,1,,,-1,,-1,-1,,-1,-1,-1,-1,-1,-1,0,-1,0,-1,27,91,0,0,-37.6655,144.8321,113.4,250,0,0,0,0,778,5,109,0,7.999995892227544,1987,,27,91,14.3,0,0,1,0.5,0.5,0.1
16,2,-1,48.45004550369552,-123.33805136371492,24.0,0.0,30.6,15.4,897,6,1,0,,1,3,0,,-1,,,-1,,-1,-1,,-1,-1,-1,-1,-1,-1,0,-1,0,-1,10,97,0,0,-37.6655,144.8321,113.4,260,0,0,0,0,897,6,0,0,17.553588570657364,1981,,10,97,15.200000000000001,0,0,1,0.5,0.5,0.1
4,1,2,48.43035017550942,-123.361352345635,19.6,0.0,27.0,17.6,911,7,0,0,2760.0,1,2,0,,1,,,-1,,-1,-1,,-1,-1,-1,-1,-1,-1,0,0,0,0,22,71,0,0,-37.6655,144.8321,113.4,270,0,0,0,0,911,7,67,0,7.999991055126868,1982,,22,71,9.399999999999999,0,0,1,0.0,0.0,0.0
12,4,-1,48.42873114973296,-123.36061464230008,16.8,19.2,20.8,16.4,964,8,1,0,,1,11,0,,-1,,,-1,,-1,-1,,-1,-1,-1,-1,-1,-1,0,-1,0,-1,15,69,0,0,-37.6655,144.8321,113.4,280,0,0,0,0,964,8,108,0,7.999952195345349,1982,,15,69,4.400000000000002,0,0,0,0.0,1.0,0.2
14,0,-1,48.42713330649277,-123.36366933183588,17.6,0.4,23.3,14.4,1160,9,1,0,,1,6,0,,-1,,,-1,,-1,-1,,-1,-1,-1,-1,-1,-1,0,0,0,0,17,1,0,0,-37.6655,144.8321,113.4,290,0,0,0,0,1160,9,272,0,8.000000000624997,1992,,17,1,8.9,0,0,0,0.0,1.0,0.2
3,1,2,48.42365072711553,-123.36638931887911,23.0,0.0,31.6,12.4,1241,10,0,0,2517.0,1,0,0,,1,,,-1,,-1,-1,,-1,-1,-1,-1,-1,-1,0,0,0,0,24,11,0,0,-37.6655,144.8321,113.4,10,0,0,0,0,1241,10,271,0,8.000000000624997,1991,,24,11,19.200000000000003,0,0,1,0.5,0.5,0.1
8,4,-1,48.42511383587826,-123.36895447268292,21.8,0.0,29.3,16.6,1295,11,1,0,,1,10,0,,-1,,,-1,,-1,-1,,-1,-1,-1,-1,-1,-1,0,-1,0,-1,18,80,0,0,-37.6655,144.8321,113.4,20,0,0,0,0,1295,11,266,0,8.000026644708711,1990,,18,80,12.7,0,0,1,0.5,0.5,0.1
19,2,-1,48.44643611837465,-123.3331482211822,22.9,0.0,30.5,14.8,1347,12,1,0,,1,3,0,,-1,,,-1,,-1,-1,,-1,-1,-1,-1,-1,-1,0,-1,0,-1,7,67,0,0,-37.6655,144.8321,113.4,30,0,0,0,0,1347,12,255,0,8.000002892313082,1991,,7,67,15.7,0,0,1,0.5,0.5,0.1
10,4,-1,48.42346023688162,-123.36337203128816,25.2,0.0,35.2,15.3,1352,13,1,0,,1,9,0,,-1,,,-1,,-1,-1,,-1,-1,-1,-1,-1,-1,0,-1,0,-1,12,38,0,0,-37.6655,144.8321,113.4,40,0,0,0,0,1352,13,220,0,8.00000587596322,1991,,12,38,19.900000000000002,1,0,1,0.5,2.5,0.5
6,1,1,48.42646089899031,-123.37228185080406,24.8,0.4,33.4,17.6,1366,14,0,0,4002.0,1,1,0,,1,,,-1,,-1,-1,,-1,-1,-1,-1,-1,-1,0,-1,0,-1,28,62,0,0,-37.6655,144.8321,113.4,50,0,0,0,0,1366,14,152,0,8.00001635393069,1991,,28,62,15.799999999999997,0,0,0,0.5,1.5,0.3
25,2,-1,48.44413130212414,-123.33165442456573,19.5,0.2,25.3,17.6,1472,15,1,0,,1,4,0,,-1,,,-1,,-1,-1,,-1,-1,-1,-1,-1,-1,0,-1,0,-1,4,68,0,0,-37.6655,144.8321,113.4,60,0,0,0,0,1472,15,271,0,8.000016355793052,1991,,4,68,7.699999999999999,0,0,0,0.0,1.0,0.2
13,0,-1,48.4279039557365,-123.365672148639,24.2,0.0,31.5,15.7,1512,16,1,0,,1,8,0,,-1,,,-1,,-1,-1,,-1,-1,-1,-1,-1,-1,0,0,0,0,16,53,0,0,-37.6655,144.8321,113.4,70,0,0,0,0,1512,16,146,0,8.000016355776813,1991,,16,53,15.8,0,0,1,0.5,0.5,0.1
24,2,-1,48.44272524663086,-123.33817696399429,19.0,0.0,25.0,17.2,1654,17,1,0,,1,4,0,,-1,,,-1,,-1,-1,,-1,-1,-1,-1,-1,-1,0,-1,0,-1,3,70,0,0,-37.6655,144.8321,113.4,80,0,0,0,0,1654,17,132,0,7.99995619100608,1991,,3,70,7.800000000000001,0,0,1,0.0,0.0,0.0
0,1,2,48.42565219423894,-123.36142281740504,17.6,0.0,22.8,16.2,1674,18,0,0,2916.0,1,0,0,,1,,,-1,,-1,-1,,-1,-1,-1,-1,-1,-1,0,0,0,0,19,52,0,0,-37.6655,144.8321,113.4,90,0,0,0,0,1674,18,275,0,7.999998103956124,1991,,19,52,6.600000000000001,0,0,1,0.0,0.0,0.0
9,4,-1,48.42443428765378,-123.37041500154903,19.4,0.0,27.7,13.7,1767,19,1,0,,1,12,0,,-1,,,-1,,-1,-1,,-1,-1,-1,-1,-1,-1,0,-1,0,-1,25,37,0,0,-37.6655,144.8321,113.4,100,0,0,0,0,1767,19,149,0,8.000003635834524,1991,,25,37,14.0,0,0,1,0.5,0.5,0.1
5,1,2,48.42491001639733,-123.36310029033096,22.0,0.0,29.8,11.0,1771,20,0,0,2761.0,1,0,0,,1,,,-1,,-1,-1,,-1,-1,-1,-1,-1,-1,0,0,0,0,21,125,0,0,-37.6655,144.8321,113.4,120,0,0,0,0,1771,20,93,0,7.99998614238006,1991,,21,125,18.8,0,0,1,0.5,0.5,0.1
23,2,-1,48.44910638313592,-123.3349703635329,23.6,0.0,31.7,15.1,1843,21,1,0,,1,4,0,,-1,,,-1,,-1,-1,,-1,-1,-1,-1,-1,-1,0,-1,0,-1,2,130,0,0,-37.6655,144.8321,113.4,130,0,0,0,0,1843,21,198,0,7.99999845403123,1992,,2,130,16.6,0,0,1,0.5,0.5,0.1
21,2,-1,48.44926905518824,-123.33818221608549,25.0,0.0,33.3,15.5,1896,22,1,0,,1,4,0,,-1,,,-1,,-1,-1,,-1,-1,-1,-1,-1,-1,0,-1,0,-1,0,143,0,0,-37.6655,144.8321,113.4,140,0,0,0,0,1896,22,209,0,7.999950279483977,1992,,0,143,17.799999999999997,0,0,1,0.5,0.5,0.1
9,0,-1,48.43030251827872,-123.36403917195943,25.9,0.0,34.1,15.8,1944,23,1,0,,1,12,0,,-1,,,-1,,-1,-1,,-1,-1,-1,-1,-1,-1,0,0,0,0,26,138,0,0,-37.6655,144.8321,113.4,150,0,0,0,0,1944,23,211,0,8.000041123787124,1992,,26,138,18.3,0,0,1,0.5,0.5,0.1
27,3,0,48.42372723357759,-123.36170150624405,26.2,0.0,35.1,17.5,1998,24,0,0,9292.0,0,5,0,2.0,0,5.0,3.0,0,2.5,0,0,0.8,0,0,0,0,0,0,0,-1,0,-1,13,107,0,0,-37.6655,144.8321,113.4,160,0,0,0,0,1998,24,134,0,7.99997890633984,1981,,13,107,17.6,1,0,1,0.5,2.5,0.5
15,2,-1,48.447605942543056,-123.33274879937572,25.1,0.0,34.4,17.3,2042,25,1,0,,1,3,0,,-1,,,-1,,-1,-1,,-1,-1,-1,-1,-1,-1,0,-1,0,-1,11,105,0,0,-37.6655,144.8321,113.4,170,0,0,0,0,2042,25,164,0,7.999983124750615,1981,,11,105,17.099999999999998,0,0,1,0.5,0.5,0.1
26,2,-1,48.4486648002955,-123.33739848370182,27.7,0.0,37.3,16.6,2082,26,1,0,,1,4,0,,-1,,,-1,,-1,-1,,-1,-1,-1,-1,-1,-1,0,-1,0,-1,5,103,0,0,-37.6655,144.8321,113.4,180,0,0,0,0,2082,26,177,0,8.000035078349107,1981,,5,103,20.699999999999996,1,0,1,1.0,3.0,0.6
17,2,-1,48.44724432382745,-123.33298594990812,26.8,12.2,33.3,19.6,2201,27,1,0,,1,3,0,,-1,,,-1,,-1,-1,,-1,-1,-1,-1,-1,-1,0,-1,0,-1,9,136,0,0,-37.6655,144.8321,113.4,190,0,0,0,0,2201,27,235,0,8.000019373203443,1984,,9,136,13.699999999999996,0,0,0,0.5,1.5,0.3
22,2,-1,48.45032594934316,-123.33458207921976,21.1,3.6,34.5,21.1,2213,28,1,0,,1,4,0,,-1,,,-1,,-1,-1,,-1,-1,-1,-1,-1,-1,0,-1,0,-1,1,126,0,0,-37.6655,144.8321,113.4,200,0,0,0,0,2213,28,254,0,7.999970860554829,1981,,1,126,13.399999999999999,0,0,0,0.5,1.5,0.3
1,1,2,48.42572428744906,-123.36327495989524,19.2,22.0,21.6,16.9,2330,29,0,0,2915.0,1,0,0,,1,,,-1,,-1,-1,,-1,-1,-1,-1,-1,-1,0,0,0,0,20,284,0,0,-37.6655,144.8321,113.4,209,0,0,0,0,2330,29,243,0,29.04483742602912,1989,,20,284,4.700000000000003,0,0,0,0.0,1.0,0.2
11,4,-1,48.43000448323371,-123.3646179323148,23.0,0.2,28.7,17.5,19,30,1,0,,1,7,0,,-1,,,-1,,-1,-1,,-1,-1,-1,-1,-1,-1,0,-1,0,-1,14,283,0,0,-37.6655,144.8321,113.4,227,0,0,0,0,19,30,165,0,30.63954753652109,1989,,14,283,11.2,0,0,0,0.5,1.5,0.3
18,2,-1,48.44372406460054,-123.33766748131912,26.7,0.0,35.2,19.2,197,31,1,0,,1,3,0,,-1,,,-1,,-1,-1,,-1,-1,-1,-1,-1,-1,0,-1,0,-1,8,262,0,0,-37.6655,144.8321,113.4,235,0,0,0,0,197,31,201,0,8.000037892813095,1987,,8,262,16.000000000000004,1,0,1,0.5,2.5,0.5
20,2,-1,48.445929401471226,-123.33784982826062,17.6,0.0,25.4,19.2,430,32,1,0,,1,3,0,,-1,,,-1,,-1,-1,,-1,-1,-1,-1,-1,-1,0,-1,0,-1,6,134,0,0,-37.6655,144.8321,113.4,1,0,0,0,0,430,32,179,0,7.999997341217567,1981,,6,134,6.199999999999999,0,0,1,0.0,0.0,0.0
2,1,2,48.42344103216198,-123.3651384601118,14.2,0.0,19.3,12.4,529,33,0,0,2518.0,1,0,0,,1,,,-1,,-1,-1,,-1,-1,-1,-1,-1,-1,0,0,0,0,23,122,0,0,-37.6655,144.8321,113.4,111,0,0,0,0,529,33,265,0,7.999997341380839,1981,,23,122,6.9,0,0,1,0.0,0.0,0.0
7,1,1,48.43039218272046,-123.37136412586383,15.0,0.2,18.7,10.1,778,34,0,0,4001.0,1,1,0,,1,,,-1,,-1,-1,,-1,-1,-1,-1,-1,-1,0,-1,0,-1,27,159,0,0,-37.6655,144.8321,113.4,218,0,0,0,0,778,34,99,0,8.000014203900243,1989,,27,159,8.6,0,0,0,0.0,1.0,0.2
16,2,-1,48.445979919241815,-123.33318092917035,17.8,0.0,23.6,9.7,897,35,1,0,,1,3,0,,-1,,,-1,,-1,-1,,-1,-1,-1,-1,-1,-1,0,-1,0,-1,10,277,0,0,-37.6655,144.8321,113.4,241,0,0,0,0,897,35,176,0,21.10486504423749,1996,,10,277,13.900000000000002,0,0,1,0.5,0.5,0.1
4,1,2,48.4256793330277,-123.362905932942,19.7,0.0,26.3,11.5,911,36,0,0,2760.0,1,2,0,,1,,,-1,,-1,-1,,-1,-1,-1,-1,-1,-1,0,0,0,0,22,5,0,0,-37.6655,144.8321,113.4,251,0,0,0,0,911,36,136,0,8.000000000624997,1996,,22,5,14.8,0,0,1,0.5,0.5,0.1
12,4,-1,48.42265031585921,-123.36476392730933,20.6,0.0,27.9,12.5,964,37,1,0,,1,11,0,,-1,,,-1,,-1,-1,,-1,-1,-1,-1,-1,-1,0,-1,0,-1,15,287,0,0,-37.6655,144.8321,113.4,261,0,0,0,0,964,37,227,0,7.999991810806398,1996,,15,287,15.399999999999999,0,0,1,0.5,0.5,0.1
14,0,-1,48.420425474326485,-123.36536386175364,21.1,0.0,28.4,12.4,1160,38,1,0,,1,6,0,,-1,,,-1,,-1,-1,,-1,-1,-1,-1,-1,-1,0,0,0,0,17,285,0,0,-37.6655,144.8321,113.4,271,0,0,0,0,1160,38,130,0,8.000026535096797,1996,,17,285,15.999999999999998,0,0,1,0.5,0.5,0.1
3,1,2,48.42677642542633,-123.3692284647304,24.1,0.0,31.1,12.2,1241,39,0,0,2517.0,1,0,0,,1,,,-1,,-1,-1,,-1,-1,-1,-1,-1,-1,0,0,0,0,24,288,0,0,-37.6655,144.8321,113.4,281,0,0,0,0,1241,39,219,0,8.000026535096797,1996,,24,288,18.900000000000002,0,0,1,0.5,0.5,0.1
8,4,-1,48.43079344756424,-123.36534292388826,20.4,0.0,32.0,17.2,1295,40,1,0,,1,10,0,,-1,,,-1,,-1,-1,,-1,-1,-1,-1,-1,-1,0,-1,0,-1,18,22,0,0,-37.6655,144.8321,113.4,291,0,0,0,0,1295,40,56,0,7.999987580760174,1992,,18,22,14.8,0,0,1,0.5,0.5,0.1
19,2,-1,48.445025804375405,-123.334678799219,18.2,2.2,24.0,15.0,1347,41,1,0,,1,3,0,,-1,,,-1,,-1,-1,,-1,-1,-1,-1,-1,-1,0,-1,0,-1,7,25,0,0,-37.6655,144.8321,113.4,11,0,0,0,0,1347,41,91,0,8.000027258200776,1992,,7,25,9.0,0,0,0,0.0,1.0,0.2
10,4,-1,48.42229706839983,-123.36466439560137,17.3,0.0,22.3,14.0,1352,42,1,0,,1,9,0,,-1,,,-1,,-1,-1,,-1,-1,-1,-1,-1,-1,0,-1,0,-1,12,117,0,0,-37.6655,144.8321,113.4,21,0,0,0,0,1352,42,69,0,8.000011965728962,1991,,12,117,8.3,0,0,1,0.0,0.0,0.0
6,1,1,48.43050375197943,-123.37110978001908,21.7,0.0,28.8,12.4,1366,43,0,0,4002.0,1,1,0,,1,,,-1,,-1,-1,,-1,-1,-1,-1,-1,-1,0,-1,0,-1,28,15,0,0,-37.6655,144.8321,113.4,31,0,0,0,0,1366,43,5,0,8.000000000624997,1991,,28,15,16.4,0,0,1,0.5,0.5,0.1
25,2,-1,48.44708716024836,-123.33468358659096,24.6,0.0,33.3,14.3,1472,44,1,0,,1,4,0,,-1,,,-1,,-1,-1,,-1,-1,-1,-1,-1,-1,0,-1,0,-1,4,57,0,0,-37.6655,144.8321,113.4,41,0,0,0,0,1472,44,100,0,7.999996617689508,1992,,4,57,18.999999999999996,0,0,1,0.5,0.5,0.1
13,0,-1,48.42481943037912,-123.36678245999826,22.4,0.0,34.6,14.5,1512,45,1,0,,1,8,0,,-1,,,-1,,-1,-1,,-1,-1,-1,-1,-1,-1,0,0,0,0,16,94,0,0,-37.6655,144.8321,113.4,51,0,0,0,0,1512,45,156,0,8.000042202693487,1991,,16,94,20.1,0,0,1,1.0,1.0,0.2
24,2,-1,48.44766010490348,-123.33391954383993,18.3,0.0,24.9,17.3,1654,46,1,0,,1,4,0,,-1,,,-1,,-1,-1,,-1,-1,-1,-1,-1,-1,0,-1,0,-1,3,39,0,0,-37.6655,144.8321,113.4,61,0,0,0,0,1654,46,15,0,7.999970052064071,1991,,3,39,7.599999999999998,0,0,1,0.0,0.0,0.0
0,1,2,48.42917393316049,-123.36892976485684,20.2,0.0,27.7,14.0,1674,47,0,0,2916.0,1,0,0,,1,,,-1,,-1,-1,,-1,-1,-1,-1,-1,-1,0,0,0,0,19,65,0,0,-37.6655,144.8321,113.4,71,0,0,0,0,1674,47,25,0,8.000016355776813,1991,,19,65,13.7,0,0,1,0.5,0.5,0.1
9,4,-1,48.42176189027707,-123.36916163012252,18.0,0.0,24.1,15.7,1767,48,1,0,,1,12,0,,-1,,,-1,,-1,-1,,-1,-1,-1,-1,-1,-1,0,-1,0,-1,25,154,0,0,-37.6655,144.8321,113.4,81,0,0,0,0,1767,48,90,0,8.00003954112507,1989,,25,154,8.400000000000002,0,0,1,0.0,0.0,0.0
5,1,2,48.42209606936746,-123.36357413175028,17.1,0.0,22.3,12.1,1771,49,0,0,2761.0,1,0,0,,1,,,-1,,-1,-1,,-1,-1,-1,-1,-1,-1,0,0,0,0,21,137,0,0,-37.6655,144.8321,113.4,91,0,0,0,0,1771,49,32,0,7.999995131204198,1992,,21,137,10.200000000000001,0,0,1,0.5,0.5,0.1
23,2,-1,48.4479435597511,-123.33672453368992,16.7,0.0,24.4,13.4,1843,50,1,0,,1,4,0,,-1,,,-1,,-1,-1,,-1,-1,-1,-1,-1,-1,0,-1,0,-1,2,139,0,0,-37.6655,144.8321,113.4,101,0,0,0,0,1843,50,21,0,7.999999081439659,1992,,2,139,10.999999999999998,0,0,1,0.5,0.5,0.1
21,2,-1,48.44958619812933,-123.33069821249232,18.4,0.0,29.5,10.9,1896,51,1,0,,1,4,0,,-1,,,-1,,-1,-1,,-1,-1,-1,-1,-1,-1,0,-1,0,-1,0,128,0,0,-37.6655,144.8321,113.4,121,0,0,0,0,1896,51,97,0,7.999981409998997,1991,,0,128,18.6,0,0,1,0.5,0.5,0.1
9,0,-1,48.42308679615483,-123.37128754435022,15.9,2.2,20.8,10.6,1944,52,1,0,,1,12,0,,-1,,,-1,,-1,-1,,-1,-1,-1,-1,-1,-1,0,0,0,0,26,132,0,0,-37.6655,144.8321,113.4,131,0,0,0,0,1944,52,107,0,7.999990175843592,1991,,26,132,10.200000000000001,0,0,0,0.5,1.5,0.3
27,3,0,48.427086380478336,-123.36777950932084,17.6,0.0,24.9,10.5,1998,53,0,0,9292.0,0,5,0,2.0,0,5.0,3.0,0,2.5,0,0,0.8,0,0,0,0,0,0,0,-1,0,-1,13,118,0,0,-37.6655,144.8321,113.4,141,0,0,0,0,1998,53,13,0,7.999972572773634,1981,,13,118,14.399999999999999,0,0,1,0.5,0.5,0.1
15,2,-1,48.44356787362084,-123.33263665689324,24.1,0.0,33.2,11.9,2042,54,1,0,,1,3,0,,-1,,,-1,,-1,-1,,-1,-1,-1,-1,-1,-1,0,-1,0,-1,11,156,0,0,-37.6655,144.8321,113.4,151,0,0,0,0,2042,54,183,0,7.999965225820037,1989,,11,156,21.300000000000004,0,0,1,1.0,1.0,0.2
26,2,-1,48.44708727603488,-123.33401237390471,19.3,0.2,23.9,17.2,2082,55,1,0,,1,4,0,,-1,,,-1,,-1,-1,,-1,-1,-1,-1,-1,-1,0,-1,0,-1,5,192,0,0,-37.6655,144.8321,113.4,161,0,0,0,0,2082,55,111,0,7.999999721606239,1992,,5,192,6.699999999999999,0,0,0,0.0,1.0,0.2
17,2,-1,48.4420726572732,-123.33430387129891,18.6,0.0,23.7,16.6,2201,56,1,0,,1,3,0,,-1,,,-1,,-1,-1,,-1,-1,-1,-1,-1,-1,0,-1,0,-1,9,182,0,0,-37.6655,144.8321,113.4,171,0,0,0,0,2201,56,123,0,8.000000139880056,1992,,9,182,7.099999999999998,0,0,1,0.0,0.0,0.0
22,2,-1,48.4504861947635,-123.33653024228188,21.1,0.0,29.3,15.1,2213,57,1,0,,1,4,0,,-1,,,-1,,-1,-1,,-1,-1,-1,-1,-1,-1,0,-1,0,-1,1,173,0,0,-37.6655,144.8321,113.4,181,0,0,0,0,2213,57,116,0,8.000023886638745,1992,,1,173,14.200000000000001,0,0,1,0.5,0.5,0.1
1,1,2,48.43129838528023,-123.37045557562598,21.0,0.0,26.8,14.9,2330,58,0,0,2915.0,1,0,0,,1,,,-1,,-1,-1,,-1,-1,-1,-1,-1,-1,0,0,0,0,20,168,0,0,-37.6655,144.8321,113.4,191,0,0,0,0,2330,58,119,0,8.000041337208396,1992,,20,168,11.9,0,0,1,0.5,0.5,0.1
11,4,-1,48.42830227643045,-123.36867932627234,20.4,0.0,25.8,17.6,19,59,1,0,,1,7,0,,-1,,,-1,,-1,-1,,-1,-1,-1,-1,-1,-1,0,-1,0,-1,14,166,0,0,-37.6655,144.8321,113.4,201,0,0,0,0,19,59,102,0,7.999969353765374,1992,,14,166,8.2,0,0,1,0.0,0.0,0.0
18,2,-1,48.44401802176431,-123.33455238462508,21.3,0.6,25.9,18.1,197,60,1,0,,1,3,0,,-1,,,-1,,-1,-1,,-1,-1,-1,-1,-1,-1,0,-1,0,-1,8,236,0,0,-37.6655,144.8321,113.4,2,0,0,0,0,197,60,44,0,14.166618976124791,1991,,8,236,7.799999999999997,0,0,0,0.0,1.0,0.2
20,2,-1,48.443733781210746,-123.33522153168296,21.8,7.6,29.4,18.7,430,61,1,0,,1,3,0,,-1,,,-1,,-1,-1,,-1,-1,-1,-1,-1,-1,0,-1,0,-1,6,207,0,0,-37.6655,144.8321,113.4,112,0,0,0,0,430,61,53,1,15.524417108026492,1992,,6,207,10.7,0,0,0,0.5,1.5,0.3
2,1,2,48.421941909956985,-123.36320120944583,23.2,0.0,30.6,15.2,529,62,0,0,2518.0,1,0,0,,1,,,-1,,-1,-1,,-1,-1,-1,-1,-1,-1,0,0,0,0,23,214,0,0,-37.6655,144.8321,113.4,219,0,0,0,0,529,62,128,0,8.000042380795207,1981,,23,214,15.400000000000002,0,0,1,0.5,0.5,0.1
7,1,1,48.42850923297176,-123.37462355658568,23.6,0.0,32.8,15.5,778,63,0,0,4001.0,1,1,0,,1,,,-1,,-1,-1,,-1,-1,-1,-1,-1,-1,0,-1,0,-1,27,241,0,0,-37.6655,144.8321,113.4,242,0,0,0,0,778,63,21,0,8.000030346068284,1992,,27,241,17.299999999999997,0,0,1,0.5,0.5,0.1
16,2,-1,48.44658617310699,-123.33957025263258,17.7,37.6,21.8,16.4,897,64,1,0,,1,3,0,,-1,,,-1,,-1,-1,,-1,-1,-1,-1,-1,-1,0,-1,0,-1,10,255,0,0,-37.6655,144.8321,113.4,252,0,0,0,0,897,64,115,0,7.999957332520469,1992,,10,255,5.400000000000002,0,0,0,0.0,1.0,0.2
4,1,2,48.42449337012206,-123.36299877520604,16.6,10.2,20.8,14.8,911,65,0,0,2760.0,1,2,0,,1,,,-1,,-1,-1,,-1,-1,-1,-1,-1,-1,0,0,0,0,22,260,0,0,-37.6655,144.8321,113.4,262,0,0,0,0,911,65,64,0,8.000010253549558,1982,,22,260,6.0,0,0,0,0.0,1.0,0.2
12,4,-1,48.42711821910008,-123.36004985202348,18.2,1.8,24.0,12.8,964,66,1,0,,1,11,0,,-1,,,-1,,-1,-1,,-1,-1,-1,-1,-1,-1,0,-1,0,-1,15,246,0,0,-37.6655,144.8321,113.4,272,0,0,0,0,964,66,96,0,7.784673317101246,1992,,15,246,11.2,0,0,0,0.5,1.5,0.3
14,0,-1,48.42721301953862,-123.36415863813318,16.8,7.0,20.5,14.3,1160,67,1,0,,1,6,0,,-1,,,-1,,-1,-1,,-1,-1,-1,-1,-1,-1,0,0,0,0,17,273,0,0,-37.6655,144.8321,113.4,282,0,0,0,0,1160,67,65,0,8.000012245214942,1987,,17,273,6.199999999999999,0,0,0,0.0,1.0,0.2
3,1,2,48.42369312422474,-123.36725541568742,15.8,0.0,21.4,13.3,1241,68,0,0,2517.0,1,0,0,,1,,,-1,,-1,-1,,-1,-1,-1,-1,-1,-1,0,0,0,0,24,268,0,0,-37.6655,144.8321,113.4,292,0,0,0,0,1241,68,58,0,8.000012245214942,1987,,24,268,8.099999999999998,0,0,1,0.0,0.0,0.0
8,4,-1,48.429180555984296,-123.36147632946914,15.9,0.0,20.8,11.3,1295,69,1,0,,1,10,0,,-1,,,-1,,-1,-1,,-1,-1,-1,-1,-1,-1,0,-1,0,-1,18,266,0,0,-37.6655,144.8321,113.4,12,0,0,0,0,1295,69,163,0,8.000012245214942,1989,,18,266,9.5,0,0,1,0.0,0.0,0.0
19,2,-1,48.445959014870894,-123.33059818832233,14.2,0.0,20.7,10.7,1347,70,1,0,,1,3,0,,-1,,,-1,,-1,-1,,-1,-1,-1,-1,-1,-1,0,-1,0,-1,7,299,0,0,-37.6655,144.8321,113.4,22,0,0,0,0,1347,70,43,0,20.25132260577426,1992,,7,299,10.0,0,0,1,0.5,0.5,0.1
10,4,-1,48.42805396480112,-123.36125797660426,16.9,0.0,22.4,8.8,1352,71,1,0,,1,9,0,,-1,,,-1,,-1,-1,,-1,-1,-1,-1,-1,-1,0,-1,0,-1,12,240,0,0,-37.6655,144.8321,113.4,32,0,0,0,0,1352,71,31,0,7.999994116562672,1981,,12,240,13.599999999999998,0,0,1,0.5,0.5,0.1
6,1,1,48.42567970748802,-123.37441685491574,22.0,0.0,29.1,12.5,1366,72,0,0,4002.0,1,1,0,,1,,,-1,,-1,-1,,-1,-1,-1,-1,-1,-1,0,-1,0,-1,28,162,0,0,-37.6655,144.8321,113.4,42,0,0,0,0,1366,72,28,0,8.000002990251833,1991,,28,162,16.6,0,0,1,0.5,0.5,0.1
25,2,-1,48.45086880618954,-123.33230554187236,21.9,0.0,28.6,14.5,1472,73,1,0,,1,4,0,,-1,,,-1,,-1,-1,,-1,-1,-1,-1,-1,-1,0,-1,0,-1,4,218,0,0,-37.6655,144.8321,113.4,52,0,0,0,0,1472,73,147,0,7.999962265465428,1981,,4,218,14.100000000000001,0,0,1,0.5,0.5,0.1
13,0,-1,48.42744057025269,-123.3641076454244,20.7,0.0,26.0,16.3,1512,74,1,0,,1,8,0,,-1,,,-1,,-1,-1,,-1,-1,-1,-1,-1,-1,0,0,0,0,16,158,0,0,-37.6655,144.8321,113.4,62,0,0,0,0,1512,74,98,0,8.00000025820242,1985,,16,158,9.7,0,0,1,0.0,0.0,0.0
24,2,-1,48.44471700386608,-123.33870741892996,19.4,0.2,23.4,16.6,1654,75,1,0,,1,4,0,,-1,,,-1,,-1,-1,,-1,-1,-1,-1,-1,-1,0,-1,0,-1,3,114,0,0,-37.6655,144.8321,113.4,72,0,0,0,0,1654,75,120,0,8.000011963733119,1997,,3,114,6.799999999999997,0,0,0,0.0,1.0,0.2
0,1,2,48.42277848376992,-123.37063509801706,21.8,0.0,30.5,16.2,1674,76,0,0,2916.0,1,0,0,,1,,,-1,,-1,-1,,-1,-1,-1,-1,-1,-1,0,0,0,0,19,106,0,0,-37.6655,144.8321,113.4,82,0,0,0,0,1674,76,82,0,8.000011965567587,1997,,19,106,14.3,0,0,1,0.5,0.5,0.1
9,4,-1,48.428955971889984,-123.37279012111372,16.6,0.2,21.7,18.0,1767,77,1,0,,1,12,0,,-1,,,-1,,-1,-1,,-1,-1,-1,-1,-1,-1,0,-1,0,-1,25,104,0,0,-37.6655,144.8321,113.4,92,0,0,0,0,1767,77,61,0,8.000011965728962,1997,,25,104,3.6999999999999993,0,0,0,0.0,1.0,0.2
5,1,2,48.42870779687119,-123.36534099145236,21.9,0.2,30.4,11.8,1771,78,0,0,2761.0,1,0,0,,1,,,-1,,-1,-1,,-1,-1,-1,-1,-1,-1,0,0,0,0,21,59,0,0,-37.6655,144.8321,113.4,102,0,0,0,0,1771,78,167,1,23.62151599312698,1997,,21,59,18.599999999999998,0,0,0,0.5,1.5,0.3
23,2,-1,48.44712721479781,-123.33597864976272,20.1,0.0,27.5,14.8,1843,79,1,0,,1,4,0,,-1,,,-1,,-1,-1,,-1,-1,-1,-1,-1,-1,0,-1,0,-1,2,41,0,0,-37.6655,144.8321,113.4,122,0,0,0,0,1843,79,143,1,17.05729182577369,1990,,2,41,12.7,0,0,1,0.5,0.5,0.1
21,2,-1,48.44487229954083,-123.33575630561302,21.4,0.0,30.4,16.9,1896,80,1,0,,1,4,0,,-1,,,-1,,-1,-1,,-1,-1,-1,-1,-1,-1,0,-1,0,-1,0,72,0,0,-37.6655,144.8321,113.4,132,0,0,0,0,1896,80,92,1,27.47276829563325,1997,,0,72,13.5,0,0,1,0.5,0.5,0.1
9,0,-1,48.424633066531854,-123.36483290849434,15.9,0.0,22.4,16.4,1944,81,1,0,,1,12,0,,-1,,,-1,,-1,-1,,-1,-1,-1,-1,-1,-1,0,0,0,0,26,54,0,0,-37.6655,144.8321,113.4,142,0,0,0,0,1944,81,68,1,19.52702255706352,1991,,26,54,6.0,0,0,1,0.0,0.0,0.0
27,3,0,48.424498298076976,-123.35924032811826,14.5,1.6,19.7,10.4,1998,82,0,0,9292.0,0,5,0,2.0,0,5.0,3.0,0,2.5,0,0,0.8,0,0,0,0,0,0,0,-1,0,-1,13,3,0,0,-37.6655,144.8321,113.4,152,0,0,0,0,1998,82,37,1,18.07606141734253,1993,,13,3,9.299999999999999,0,0,0,0.0,1.0,0.2
15,2,-1,48.44968325060879,-123.33774762579635,16.2,0.0,20.5,10.0,2042,83,1,0,,1,3,0,,-1,,,-1,,-1,-1,,-1,-1,-1,-1,-1,-1,0,-1,0,-1,11,19,0,0,-37.6655,144.8321,113.4,162,0,0,0,0,2042,83,151,1,12.445000000298023,1997,,11,19,10.5,0,0,1,0.5,0.5,0.1
26,2,-1,48.447463943167975,-123.33456079029052,15.2,0.0,20.8,12.2,2082,84,1,0,,1,4,0,,-1,,,-1,,-1,-1,,-1,-1,-1,-1,-1,-1,0,-1,0,-1,5,20,0,0,-37.6655,144.8321,113.4,172,0,0,0,0,2082,84,169,1,25.55379999987781,1989,,5,20,8.600000000000001,0,0,1,0.0,0.0,0.0
17,2,-1,48.444169351144936,-123.33773455268688,17.2,0.0,24.6,9.7,2201,85,1,0,,1,3,0,,-1,,,-1,,-1,-1,,-1,-1,-1,-1,-1,-1,0,-1,0,-1,9,7,0,0,-37.6655,144.8321,113.4,182,0,0,0,0,2201,85,11,1,22.55634529641338,1997,,9,7,14.900000000000002,0,0,1,0.5,0.5,0.1
22,2,-1,48.44736080480668,-123.33445455674564,22.6,0.0,28.7,10.6,2213,86,1,0,,1,4,0,,-1,,,-1,,-1,-1,,-1,-1,-1,-1,-1,-1,0,-1,0,-1,1,45,0,0,-37.6655,144.8321,113.4,192,0,0,0,0,2213,86,285,1,29.283405550167448,1991,,1,45,18.1,0,0,1,0.5,0.5,0.1
1,1,2,48.42418309382355,-123.3631048116858,18.7,0.0,25.8,17.1,2330,87,0,0,2915.0,1,0,0,,1,,,-1,,-1,-1,,-1,-1,-1,-1,-1,-1,0,0,0,0,20,28,0,0,-37.6655,144.8321,113.4,202,0,0,0,0,2330,87,240,1,28.628556288840745,1992,,20,28,8.7,0,0,1,0.0,0.0,0.0
11,4,-1,48.42653188398888,-123.36495572670252,16.8,0.0,20.5,14.7,19,88,1,0,,1,7,0,,-1,,,-1,,-1,-1,,-1,-1,-1,-1,-1,-1,0,-1,0,-1,14,63,0,0,-37.6655,144.8321,113.4,210,0,0,0,0,19,88,261,1,18.44550351250124,1991,,14,63,5.800000000000001,0,0,1,0.0,0.0,0.0
18,2,-1,48.44625328744222,-123.33152609848143,16.3,0.0,21.0,14.7,197,89,1,0,,1,3,0,,-1,,,-1,,-1,-1,,-1,-1,-1,-1,-1,-1,0,-1,0,-1,8,84,0,0,-37.6655,144.8321,113.4,228,0,0,0,0,197,89,19,1,24.58098782245969,1989,,8,84,6.300000000000001,0,0,1,0.0,0.0,0.0
20,2,-1,48.44676179147874,-123.33850944546371,15.8,0.0,21.4,13.2,430,90,1,0,,1,3,0,,-1,,,-1,,-1,-1,,-1,-1,-1,-1,-1,-1,0,-1,0,-1,6,89,0,0,-37.6655,144.8321,113.4,236,0,0,0,0,430,90,35,1,24.06460455728603,1981,,6,89,8.2,0,0,1,0.0,0.0,0.0
2,1,2,48.42987623017713,-123.36541696323096,15.1,0.4,19.5,12.0,529,91,0,0,2518.0,1,0,0,,1,,,-1,,-1,-1,,-1,-1,-1,-1,-1,-1,0,0,0,0,23,76,0,0,-37.6655,144.8321,113.4,3,0,0,0,0,529,91,233,1,10.628678940672229,1989,,23,76,7.5,0,0,0,0.0,1.0,0.2
7,1,1,48.42680818496496,-123.36891162314468,15.2,0.0,17.4,12.3,778,92,0,0,4001.0,1,1,0,,1,,,-1,,-1,-1,,-1,-1,-1,-1,-1,-1,0,-1,0,-1,27,73,0,0,-37.6655,144.8321,113.4,113,0,0,0,0,778,92,187,1,19.99794621820636,1989,,27,73,5.099999999999998,0,0,1,0.0,0.0,0.0
16,2,-1,48.44542603162691,-123.33064507691802,15.1,3.0,17.3,13.3,897,93,1,0,,1,3,0,,-1,,,-1,,-1,-1,,-1,-1,-1,-1,-1,-1,0,-1,0,-1,10,55,0,0,-37.6655,144.8321,113.4,220,0,0,0,0,897,93,202,1,18.063409181356874,1991,,10,55,4.0,0,0,0,0.0,1.0,0.2
4,1,2,48.42990175431281,-123.3702301388974,13.4,0.4,18.1,13.3,911,94,0,0,2760.0,1,2,0,,1,,,-1,,-1,-1,,-1,-1,-1,-1,-1,-1,0,0,0,0,22,46,0,0,-37.6655,144.8321,113.4,243,0,0,0,0,911,94,50,1,16.933813127557652,1989,,22,46,4.800000000000001,0,0,0,0.0,1.0,0.2
12,4,-1,48.42584742278813,-123.36859564936276,15.7,0.4,20.0,7.6,964,95,1,0,,1,11,0,,-1,,,-1,,-1,-1,,-1,-1,-1,-1,-1,-1,0,-1,0,-1,15,16,0,0,-37.6655,144.8321,113.4,253,0,0,0,0,964,95,260,1,19.67055144734641,1989,,15,16,12.4,0,0,0,0.5,1.5,0.3
14,0,-1,48.42544737216392,-123.36155301461793,15.1,0.0,20.5,11.8,1160,96,1,0,,1,6,0,,-1,,,-1,,-1,-1,,-1,-1,-1,-1,-1,-1,0,0,0,0,17,13,0,0,-37.6655,144.8321,113.4,263,0,0,0,0,1160,96,242,1,15.370310892373858,1981,,17,13,8.7,0,0,1,0.0,0.0,0.0
3,1,2,48.42595012986919,-123.36163281114231,16.2,0.0,23.2,10.1,1241,97,0,0,2517.0,1,0,0,,1,,,-1,,-1,-1,,-1,-1,-1,-1,-1,-1,0,0,0,0,24,48,0,0,-37.6655,144.8321,113.4,273,0,0,0,0,1241,97,162,1,19.9480604377026,1992,,24,48,13.1,0,0,1,0.5,0.5,0.1
8,4,-1,48.42708323300717,-123.36627964251012,18.8,0.0,23.8,11.2,1295,98,1,0,,1,10,0,,-1,,,-1,,-1,-1,,-1,-1,-1,-1,-1,-1,0,-1,0,-1,18,36,0,0,-37.6655,144.8321,113.4,283,0,0,0,0,1295,98,258,1,29.152762040351416,1981,,18,36,12.600000000000001,0,0,1,0.5,0.5,0.1
19,2,-1,48.45074036979115,-123.33967601102032,19.2,0.0,25.4,14.7,1347,99,1,0,,1,3,0,,-1,,,-1,,-1,-1,,-1,-1,-1,-1,-1,-1,0,-1,0,-1,7,35,0,0,-37.6655,144.8321,113.4,293,0,0,0,0,1347,99,205,1,28.50110510965881,1989,,7,35,10.7,0,0,1,0.5,0.5,0.1
10,4,-1,48.42770131412723,-123.36196969960008,20.2,0.0,26.5,14.5,1352,100,1,0,,1,9,0,,-1,,,-1,,-1,-1,,-1,-1,-1,-1,-1,-1,0,-1,0,-1,12,34,0,0,-37.6655,144.8321,113.4,13,0,0,0,0,1352,100,282,1,21.81159999966621,1991,,12,34,12.0,0,0,1,0.5,0.5,0.1
6,1,1,48.43143667737532,-123.37055295086157,13.3,1.8,18.3,13.2,1366,101,0,0,4002.0,1,1,0,,1,,,-1,,-1,-1,,-1,-1,-1,-1,-1,-1,0,-1,0,-1,28,21,0,0,-37.6655,144.8321,113.4,23,0,0,0,0,1366,101,168,1,27.073499999940395,1991,,28,21,5.100000000000001,0,0,0,0.0,1.0,0.2
25,2,-1,48.4483444344903,-123.33519824625482,14.1,0.0,18.2,9.0,1472,102,1,0,,1,4,0,,-1,,,-1,,-1,-1,,-1,-1,-1,-1,-1,-1,0,-1,0,-1,4,10,0,0,-37.6655,144.8321,113.4,33,0,0,0,0,1472,102,186,1,23.633720898387978,1980,,4,10,9.2,0,0,1,0.0,0.0,0.0
13,0,-1,48.424572084022,-123.36862857945836,14.2,0.0,20.7,10.1,1512,103,1,0,,1,8,0,,-1,,,-1,,-1,-1,,-1,-1,-1,-1,-1,-1,0,0,0,0,16,64,0,0,-37.6655,144.8321,113.4,43,0,0,0,0,1512,103,55,1,15.922775651906871,1992,,16,64,10.6,0,0,1,0.5,0.5,0.1
24,2,-1,48.44249421935584,-123.337377943105,19.1,0.0,24.8,7.9,1654,104,1,0,,1,4,0,,-1,,,-1,,-1,-1,,-1,-1,-1,-1,-1,-1,0,-1,0,-1,3,78,0,0,-37.6655,144.8321,113.4,53,0,0,0,0,1654,104,287,1,29.07010830470408,1980,,3,78,16.9,0,0,1,0.5,0.5,0.1
0,1,2,48.42322998373539,-123.3696325923582,18.8,0.0,26.3,13.6,1674,105,0,0,2916.0,1,0,0,,1,,,-1,,-1,-1,,-1,-1,-1,-1,-1,-1,0,0,0,0,19,49,0,0,-37.6655,144.8321,113.4,63,0,0,0,0,1674,105,279,1,19.9137171842066,1992,,19,49,12.700000000000001,0,0,1,0.5,0.5,0.1
9,4,-1,48.43113229472844,-123.37372703010536,21.0,0.0,28.3,12.1,1767,106,1,0,,1,12,0,,-1,,,-1,,-1,-1,,-1,-1,-1,-1,-1,-1,0,-1,0,-1,25,32,0,0,-37.6655,144.8321,113.4,73,0,0,0,0,1767,106,286,1,20.49449563670202,1991,,25,32,16.200000000000003,0,0,1,0.5,0.5,0.1
5,1,2,48.42202881235353,-123.36698225036382,21.1,0.0,27.9,14.4,1771,107,0,0,2761.0,1,0,0,,1,,,-1,,-1,-1,,-1,-1,-1,-1,-1,-1,0,0,0,0,21,40,0,0,-37.6655,144.8321,113.4,83,0,0,0,0,1771,107,208,1,25.842699999921024,1992,,21,40,13.499999999999998,0,0,1,0.5,0.5,0.1
23,2,-1,48.44967396671109,-123.33080839566608,15.1,14.4,17.2,14.8,1843,108,1,0,,1,4,0,,-1,,,-1,,-1,-1,,-1,-1,-1,-1,-1,-1,0,-1,0,-1,2,88,0,0,-37.6655,144.8321,113.4,93,0,0,0,0,1843,108,180,1,25.250134899898303,1992,,2,88,2.3999999999999986,0,0,0,0.0,1.0,0.2
21,2,-1,48.44870366238966,-123.33248781005172,11.5,16.0,14.7,14.0,1896,109,1,0,,1,4,0,,-1,,,-1,,-1,-1,,-1,-1,-1,-1,-1,-1,0,-1,0,-1,0,90,0,0,-37.6655,144.8321,113.4,103,0,0,0,0,1896,109,263,1,16.210049848910163,1992,,0,90,0.6999999999999993,0,0,0,0.0,1.0,0.2
9,0,-1,48.424324694665074,-123.36748502552544,13.6,8.8,18.8,7.7,1944,110,1,0,,1,12,0,,-1,,,-1,,-1,-1,,-1,-1,-1,-1,-1,-1,0,0,0,0,26,110,0,0,-37.6655,144.8321,113.4,123,0,0,0,0,1944,110,246,1,34.13803359328659,1985,,26,110,11.100000000000001,0,0,0,0.5,1.5,0.3
27,3,0,48.427017923748274,-123.36014281097044,12.6,0.6,16.3,9.2,1998,111,0,0,9292.0,0,5,0,2.0,0,5.0,3.0,0,2.5,0,0,0.8,0,0,0,0,0,0,0,-1,0,-1,13,119,0,0,-37.6655,144.8321,113.4,133,0,0,0,0,1998,111,218,1,46.5175672527537,1992,,13,119,7.100000000000001,0,0,0,0.0,1.0,0.2
15,2,-1,48.45174050027878,-123.33789322282448,11.2,0.0,16.8,4.8,2042,112,1,0,,1,3,0,,-1,,,-1,,-1,-1,,-1,-1,-1,-1,-1,-1,0,-1,0,-1,11,115,0,0,-37.6655,144.8321,113.4,143,0,0,0,0,2042,112,230,1,37.338535937583096,1993,,11,115,12.0,0,1,1,0.5,2.0,0.4
26,2,-1,48.45120420699923,-123.3322847863801,13.0,0.0,17.9,6.3,2082,113,1,0,,1,4,0,,-1,,,-1,,-1,-1,,-1,-1,-1,-1,-1,-1,0,-1,0,-1,5,109,0,0,-37.6655,144.8321,113.4,153,0,0,0,0,2082,113,137,1,17.673308532535774,1991,,5,109,11.599999999999998,0,0,1,0.5,0.5,0.1
17,2,-1,48.45067201749831,-123.33736595662718,11.7,0.0,17.8,6.6,2201,114,1,0,,1,3,0,,-1,,,-1,,-1,-1,,-1,-1,-1,-1,-1,-1,0,-1,0,-1,9,101,0,0,-37.6655,144.8321,113.4,163,0,0,0,0,2201,114,57,1,27.38643546225653,1993,,9,101,11.200000000000001,0,0,1,0.5,0.5,0.1
22,2,-1,48.44623939465293,-123.33838520701964,14.8,0.0,23.0,7.1,2213,115,1,0,,1,4,0,,-1,,,-1,,-1,-1,,-1,-1,-1,-1,-1,-1,0,-1,0,-1,1,96,0,0,-37.6655,144.8321,113.4,173,0,0,0,0,2213,115,7,1,33.68297190858653,1989,,1,96,15.9,0,0,1,0.5,0.5,0.1
1,1,2,48.42736935777421,-123.3665573544056,16.9,0.0,22.1,7.5,2330,116,0,0,2915.0,1,0,0,,1,,,-1,,-1,-1,,-1,-1,-1,-1,-1,-1,0,0,0,0,20,86,0,0,-37.6655,144.8321,113.4,183,0,0,0,0,2330,116,131,1,13.995437767180608,1992,,20,86,14.600000000000001,0,0,1,0.5,0.5,0.1
11,4,-1,48.42487304549349,-123.36589463047136,17.7,0.0,22.3,12.3,19,117,1,0,,1,7,0,,-1,,,-1,,-1,-1,,-1,-1,-1,-1,-1,-1,0,-1,0,-1,14,160,0,0,-37.6655,144.8321,113.4,193,0,0,0,0,19,117,270,1,32.754754661953655,1989,,14,160,10.0,0,0,1,0.5,0.5,0.1
18,2,-1,48.44245628974127,-123.33402880980476,17.9,0.0,20.9,15.0,197,118,1,0,,1,3,0,,-1,,,-1,,-1,-1,,-1,-1,-1,-1,-1,-1,0,-1,0,-1,8,144,0,0,-37.6655,144.8321,113.4,203,0,0,0,0,197,118,288,1,18.44354701154963,1991,,8,144,5.899999999999999,0,0,1,0.0,0.0,0.0
20,2,-1,48.4430821546017,-123.3304846086317,15.9,0.0,19.8,16.3,430,119,1,0,,1,3,0,,-1,,,-1,,-1,-1,,-1,-1,-1,-1,-1,-1,0,-1,0,-1,6,129,0,0,-37.6655,144.8321,113.4,211,0,0,0,0,430,119,273,1,20.369636217862347,1992,,6,129,3.5,0,0,1,0.0,0.0,0.0
2,1,2,48.43008532123029,-123.37026040992868,13.1,22.4,17.2,9.6,529,120,0,0,2518.0,1,0,0,,1,,,-1,,-1,-1,,-1,-1,-1,-1,-1,-1,0,0,0,0,23,95,0,0,-37.6655,144.8321,113.4,229,0,0,0,0,529,120,200,1,23.13888759334756,1992,,23,95,7.6,0,0,0,0.0,1.0,0.2
7,1,1,48.42878171323941,-123.37276195137608,14.9,0.0,19.5,9.7,778,121,0,0,4001.0,1,1,0,,1,,,-1,,-1,-1,,-1,-1,-1,-1,-1,-1,0,-1,0,-1,27,164,0,0,-37.6655,144.8321,113.4,4,0,0,0,0,778,121,142,1,25.719437026789933,1992,,27,164,9.8,0,0,1,0.0,0.0,0.0
16,2,-1,48.44510695202285,-123.33028395707836,15.2,0.0,21.4,11.7,897,122,1,0,,1,3,0,,-1,,,-1,,-1,-1,,-1,-1,-1,-1,-1,-1,0,-1,0,-1,10,116,0,0,-37.6655,144.8321,113.4,114,0,0,0,0,897,122,39,1,19.3944490566864,1990,,10,116,9.7,0,0,1,0.0,0.0,0.0
4,1,2,48.42687729259975,-123.36463303990182,14.6,0.0,20.3,10.0,911,123,0,0,2760.0,1,2,0,,1,,,-1,,-1,-1,,-1,-1,-1,-1,-1,-1,0,0,0,0,22,121,0,0,-37.6655,144.8321,113.4,221,0,0,0,0,911,123,38,1,18.05268710432459,1989,,22,121,10.3,0,0,1,0.5,0.5,0.1
12,4,-1,48.42235588217478,-123.3677445557172,9.8,0.0,15.1,10.6,964,124,1,0,,1,11,0,,-1,,,-1,,-1,-1,,-1,-1,-1,-1,-1,-1,0,-1,0,-1,15,124,0,0,-37.6655,144.8321,113.4,244,0,0,0,0,964,124,103,1,26.91505007727317,1981,,15,124,4.5,0,0,1,0.0,0.0,0.0
14,0,-1,48.42468726597219,-123.36439496014056,8.6,0.8,14.0,4.9,1160,125,1,0,,1,6,0,,-1,,,-1,,-1,-1,,-1,-1,-1,-1,-1,-1,0,0,0,0,17,135,0,0,-37.6655,144.8321,113.4,254,0,0,0,0,1160,125,283,1,11.178611943812426,1990,,17,135,9.1,0,1,0,0.0,2.5,0.5
3,1,2,48.430183230671226,-123.36648757234047,10.8,0.0,14.7,3.5,1241,126,0,0,2517.0,1,0,0,,1,,,-1,,-1,-1,,-1,-1,-1,-1,-1,-1,0,0,0,0,24,145,0,0,-37.6655,144.8321,113.4,264,0,0,0,0,1241,126,241,1,26.924009814157102,1997,,24,145,11.2,0,1,1,0.5,2.0,0.4
8,4,-1,48.42990796718424,-123.36939370963094,11.6,1.8,16.1,8.1,1295,127,1,0,,1,10,0,,-1,,,-1,,-1,-1,,-1,-1,-1,-1,-1,-1,0,-1,0,-1,18,150,0,0,-37.6655,144.8321,113.4,274,0,0,0,0,1295,127,94,1,18.44740378133988,1991,,18,150,8.000000000000002,0,0,0,0.0,1.0,0.2
19,2,-1,48.44960179735708,-123.3378204611956,11.2,0.2,14.7,7.6,1347,128,1,0,,1,3,0,,-1,,,-1,,-1,-1,,-1,-1,-1,-1,-1,-1,0,-1,0,-1,7,180,0,0,-37.6655,144.8321,113.4,284,0,0,0,0,1347,128,36,1,17.684517908117485,1992,,7,180,7.1,0,0,0,0.0,1.0,0.2
10,4,-1,48.431184019772495,-123.35937760611324,10.1,0.0,16.5,5.4,1352,129,1,0,,1,9,0,,-1,,,-1,,-1,-1,,-1,-1,-1,-1,-1,-1,0,-1,0,-1,12,189,0,0,-37.6655,144.8321,113.4,294,0,0,0,0,1352,129,221,1,30.374800000339743,1992,,12,189,11.1,0,0,1,0.5,0.5,0.1
6,1,1,48.42854655019136,-123.37192792607564,12.6,0.0,18.9,4.5,1366,130,0,0,4002.0,1,1,0,,1,,,-1,,-1,-1,,-1,-1,-1,-1,-1,-1,0,-1,0,-1,28,153,0,0,-37.6655,144.8321,113.4,14,0,0,0,0,1366,130,107,1,30.436049534685207,1991,,28,153,14.399999999999999,0,1,1,0.5,2.0,0.4
25,2,-1,48.44267483644207,-123.33873790691544,14.3,0.0,17.9,8.5,1472,131,1,0,,1,4,0,,-1,,,-1,,-1,-1,,-1,-1,-1,-1,-1,-1,0,-1,0,-1,4,233,0,0,-37.6655,144.8321,113.4,24,0,0,0,0,1472,131,250,1,20.19190509631381,1989,,4,233,9.399999999999999,0,0,1,0.0,0.0,0.0
13,0,-1,48.42847304932566,-123.36150574173335,14.8,0.0,19.3,11.2,1512,132,1,0,,1,8,0,,-1,,,-1,,-1,-1,,-1,-1,-1,-1,-1,-1,0,0,0,0,16,227,0,0,-37.6655,144.8321,113.4,34,0,0,0,0,1512,132,74,1,21.769628873473213,1989,,16,227,8.100000000000001,0,0,1,0.0,0.0,0.0
24,2,-1,48.45073252249471,-123.33842175963365,16.3,0.6,17.8,12.6,1654,133,1,0,,1,4,0,,-1,,,-1,,-1,-1,,-1,-1,-1,-1,-1,-1,0,-1,0,-1,3,257,0,0,-37.6655,144.8321,113.4,44,0,0,0,0,1654,133,121,1,24.469676063358484,1990,,3,257,5.200000000000001,0,0,0,0.0,1.0,0.2
0,1,2,48.4259998142605,-123.36101258374356,15.1,0.0,18.1,13.9,1674,134,0,0,2916.0,1,0,0,,1,,,-1,,-1,-1,,-1,-1,-1,-1,-1,-1,0,0,0,0,19,247,0,0,-37.6655,144.8321,113.4,54,0,0,0,0,1674,134,29,1,22.01018253913145,1993,,19,247,4.200000000000001,0,0,1,0.0,0.0,0.0
9,4,-1,48.428023176638746,-123.36969539044064,15.3,1.6,20.9,11.1,1767,135,1,0,,1,12,0,,-1,,,-1,,-1,-1,,-1,-1,-1,-1,-1,-1,0,-1,0,-1,25,251,0,0,-37.6655,144.8321,113.4,64,0,0,0,0,1767,135,72,1,22.51197514012095,1993,,25,251,9.799999999999999,0,0,0,0.0,1.0,0.2
5,1,2,48.42826391338212,-123.3635582126522,10.9,0.6,16.8,9.2,1771,136,0,0,2761.0,1,0,0,,1,,,-1,,-1,-1,,-1,-1,-1,-1,-1,-1,0,0,0,0,21,225,0,0,-37.6655,144.8321,113.4,74,0,0,0,0,1771,136,1,1,32.59183333407071,1991,,21,225,7.600000000000001,0,0,0,0.0,1.0,0.2
23,2,-1,48.44694625414512,-123.3389061939786,11.6,1.4,15.7,6.3,1843,137,1,0,,1,4,0,,-1,,,-1,,-1,-1,,-1,-1,-1,-1,-1,-1,0,-1,0,-1,2,219,0,0,-37.6655,144.8321,113.4,84,0,0,0,0,1843,137,1,1,29.24508396485341,1991,,2,219,9.399999999999999,0,0,0,0.0,1.0,0.2
21,2,-1,48.45101141472097,-123.33639959086278,9.9,0.0,15.3,8.5,1896,138,1,0,,1,4,0,,-1,,,-1,,-1,-1,,-1,-1,-1,-1,-1,-1,0,-1,0,-1,0,230,0,0,-37.6655,144.8321,113.4,94,0,0,0,0,1896,138,184,1,16.562264538804218,1990,,0,230,6.800000000000001,0,0,1,0.0,0.0,0.0
9,0,-1,48.43014796443743,-123.37256655848331,11.6,0.6,14.3,6.0,1944,139,1,0,,1,12,0,,-1,,,-1,,-1,-1,,-1,-1,-1,-1,-1,-1,0,0,0,0,26,204,0,0,-37.6655,144.8321,113.4,104,0,0,0,0,1944,139,190,1,28.00557843025941,1983,,26,204,8.3,0,0,0,0.0,1.0,0.2
27,3,0,48.42308813164327,-123.35979549649184,8.7,0.0,13.9,9.9,1998,140,0,0,9292.0,0,5,0,2.0,0,5.0,3.0,0,2.5,0,0,0.8,0,0,0,0,0,0,0,-1,0,-1,13,195,0,0,-37.6655,144.8321,113.4,124,0,0,0,0,1998,140,129,1,22.40986059024757,1989,,13,195,4.0,0,0,1,0.0,0.0,0.0
15,2,-1,48.444231171725455,-123.33047817690112,10.2,0.0,15.7,2.9,2042,141,1,0,,1,3,0,,-1,,,-1,,-1,-1,,-1,-1,-1,-1,-1,-1,0,-1,0,-1,11,231,0,0,-37.6655,144.8321,113.4,134,0,0,0,0,2042,141,159,1,33.04232987642155,1990,,11,231,12.799999999999999,0,1,1,0.5,2.0,0.4
26,2,-1,48.45019375607459,-123.3334030180048,8.7,0.0,13.6,6.6,2082,142,1,0,,1,4,0,,-1,,,-1,,-1,-1,,-1,-1,-1,-1,-1,-1,0,-1,0,-1,5,174,0,0,-37.6655,144.8321,113.4,144,0,0,0,0,2082,142,105,1,19.04510564535101,1990,,5,174,7.0,0,0,1,0.0,0.0,0.0
17,2,-1,48.45112062332407,-123.3318128184974,10.4,0.0,18.0,5.3,2201,143,1,0,,1,3,0,,-1,,,-1,,-1,-1,,-1,-1,-1,-1,-1,-1,0,-1,0,-1,9,169,0,0,-37.6655,144.8321,113.4,154,0,0,0,0,2201,143,52,1,19.03225085412581,1990,,9,169,12.7,0,0,1,0.5,0.5,0.1
22,2,-1,48.44924551699056,-123.3353538571228,12.3,0.0,19.5,4.8,2213,144,1,0,,1,4,0,,-1,,,-1,,-1,-1,,-1,-1,-1,-1,-1,-1,0,-1,0,-1,1,181,0,0,-37.6655,144.8321,113.4,164,0,0,0,0,2213,144,222,1,17.624241963040276,1990,,1,181,14.7,0,1,1,0.5,2.0,0.4
1,1,2,48.42301701095011,-123.36130485717636,13.9,0.0,18.7,5.8,2330,145,0,0,2915.0,1,0,0,,1,,,-1,,-1,-1,,-1,-1,-1,-1,-1,-1,0,0,0,0,20,184,0,0,-37.6655,144.8321,113.4,174,0,0,0,0,2330,145,231,1,16.306865877785242,1989,,20,184,12.899999999999999,0,0,1,0.5,0.5,0.1
11,4,-1,48.428840286693166,-123.36484124005354,12.9,0.0,14.8,10.0,19,146,1,0,,1,7,0,,-1,,,-1,,-1,-1,,-1,-1,-1,-1,-1,-1,0,-1,0,-1,14,196,0,0,-37.6655,144.8321,113.4,184,0,0,0,0,19,146,204,1,25.95881390691336,1990,,14,196,4.800000000000001,0,0,1,0.0,0.0,0.0
18,2,-1,48.44243946083141,-123.3390709353894,11.0,3.2,16.5,10.9,197,147,1,0,,1,3,0,,-1,,,-1,,-1,-1,,-1,-1,-1,-1,-1,-1,0,-1,0,-1,8,213,0,0,-37.6655,144.8321,113.4,194,0,0,0,0,197,147,14,1,32.401394463488785,1990,,8,213,5.6,0,0,0,0.0,1.0,0.2
20,2,-1,48.44448767520175,-123.33233669745266,9.6,0.0,14.8,5.9,430,148,1,0,,1,3,0,,-1,,,-1,,-1,-1,,-1,-1,-1,-1,-1,-1,0,-1,0,-1,6,238,0,0,-37.6655,144.8321,113.4,204,0,0,0,0,430,148,155,1,34.72059072541757,1992,,6,238,8.9,0,0,1,0.0,0.0,0.0
2,1,2,48.42573597992568,-123.36434804793798,9.6,0.0,15.6,5.6,529,149,0,0,2518.0,1,0,0,,1,,,-1,,-1,-1,,-1,-1,-1,-1,-1,-1,0,0,0,0,23,245,0,0,-37.6655,144.8321,113.4,212,0,0,0,0,529,149,138,1,23.147686230486425,1990,,23,245,10.0,0,0,1,0.5,0.5,0.1
7,1,1,48.42472470182396,-123.36752615337272,8.2,0.0,10.0,4.7,778,150,0,0,4001.0,1,1,0,,1,,,-1,,-1,-1,,-1,-1,-1,-1,-1,-1,0,-1,0,-1,27,254,0,0,-37.6655,144.8321,113.4,230,0,0,0,0,778,150,73,1,17.26357619253282,1989,,27,254,5.3,0,1,1,0.0,1.5,0.3
16,2,-1,48.447140903815225,-123.33561396635352,6.9,6.4,10.4,5.3,897,151,1,0,,1,3,0,,-1,,,-1,,-1,-1,,-1,-1,-1,-1,-1,-1,0,-1,0,-1,10,263,0,0,-37.6655,144.8321,113.4,237,0,0,0,0,897,151,237,1,19.399804063105297,1993,,10,263,5.1000000000000005,0,0,0,0.0,1.0,0.2
4,1,2,48.4289687155506,-123.36454613505909,7.8,4.4,11.4,4.4,911,152,0,0,2760.0,1,2,0,,1,,,-1,,-1,-1,,-1,-1,-1,-1,-1,-1,0,0,0,0,22,291,0,0,-37.6655,144.8321,113.4,5,0,0,0,0,911,152,83,1,18.57354756088928,1990,,22,291,7.0,0,1,0,0.0,2.5,0.5
12,4,-1,48.42470847302894,-123.36527416240214,7.8,3.2,12.2,3.3,964,153,1,0,,1,11,0,,-1,,,-1,,-1,-1,,-1,-1,-1,-1,-1,-1,0,-1,0,-1,15,269,0,0,-37.6655,144.8321,113.4,115,0,0,0,0,964,153,75,1,19.845681856433536,1992,,15,269,8.899999999999999,0,1,0,0.0,2.5,0.5
14,0,-1,48.4232942394742,-123.36386805976254,8.9,0.0,12.1,3.0,1160,154,1,0,,1,6,0,,-1,,,-1,,-1,-1,,-1,-1,-1,-1,-1,-1,0,0,0,0,17,270,0,0,-37.6655,144.8321,113.4,222,0,0,0,0,1160,154,24,1,18.04519710729652,1992,,17,270,9.1,0,1,1,0.0,1.5,0.3
3,1,2,48.429070496437966,-123.37031475938686,11.4,0.0,14.8,6.5,1241,155,0,0,2517.0,1,0,0,,1,,,-1,,-1,-1,,-1,-1,-1,-1,-1,-1,0,0,0,0,24,259,0,0,-37.6655,144.8321,113.4,245,0,0,0,0,1241,155,104,1,19.331391697627303,1992,,24,259,8.3,0,0,1,0.0,0.0,0.0
8,4,-1,48.428080650814415,-123.36135177319598,9.1,0.2,13.8,9.1,1295,156,1,0,,1,10,0,,-1,,,-1,,-1,-1,,-1,-1,-1,-1,-1,-1,0,-1,0,-1,18,140,0,0,-37.6655,144.8321,113.4,255,0,0,0,0,1295,156,118,1,25.49203491092648,1990,,18,140,4.700000000000001,0,0,0,0.0,1.0,0.2
19,2,-1,48.44566572555916,-123.33887525232907,8.0,0.8,13.2,6.3,1347,157,1,0,,1,3,0,,-1,,,-1,,-1,-1,,-1,-1,-1,-1,-1,-1,0,-1,0,-1,7,264,0,0,-37.6655,144.8321,113.4,265,0,0,0,0,1347,157,236,1,28.436683934771665,1985,,7,264,6.8999999999999995,0,0,0,0.0,1.0,0.2
10,4,-1,48.426622393483456,-123.35946556345358,8.1,2.2,11.8,3.8,1352,158,1,0,,1,9,0,,-1,,,-1,,-1,-1,,-1,-1,-1,-1,-1,-1,0,-1,0,-1,12,294,0,0,-37.6655,144.8321,113.4,275,0,0,0,0,1352,158,3,1,14.872678423895024,1990,,12,294,8.0,0,1,0,0.0,2.5,0.5
6,1,1,48.43036233577092,-123.3676594589508,9.4,0.2,12.0,6.2,1366,159,0,0,4002.0,1,1,0,,1,,,-1,,-1,-1,,-1,-1,-1,-1,-1,-1,0,-1,0,-1,28,297,0,0,-37.6655,144.8321,113.4,285,0,0,0,0,1366,159,124,1,21.348040144464377,1990,,28,297,5.8,0,0,0,0.0,1.0,0.2
25,2,-1,48.44688240159852,-123.33212869346882,10.3,0.2,13.3,7.7,1472,160,1,0,,1,4,0,,-1,,,-1,,-1,-1,,-1,-1,-1,-1,-1,-1,0,-1,0,-1,4,282,0,0,-37.6655,144.8321,113.4,295,0,0,0,0,1472,160,133,1,25.718375766259,1992,,4,282,5.6000000000000005,0,0,0,0.0,1.0,0.2
13,0,-1,48.42163144532525,-123.36879222811956,9.9,0.2,14.4,7.4,1512,161,1,0,,1,8,0,,-1,,,-1,,-1,-1,,-1,-1,-1,-1,-1,-1,0,0,0,0,16,271,0,0,-37.6655,144.8321,113.4,15,0,0,0,0,1512,161,144,1,34.179614319298274,1990,,16,271,7.0,0,0,0,0.0,1.0,0.2
24,2,-1,48.44966252606918,-123.33319737755284,10.3,1.0,12.3,7.4,1654,162,1,0,,1,4,0,,-1,,,-1,,-1,-1,,-1,-1,-1,-1,-1,-1,0,-1,0,-1,3,279,0,0,-37.6655,144.8321,113.4,25,0,0,0,0,1654,162,215,1,28.365400748850583,1990,,3,279,4.9,0,0,0,0.0,1.0,0.2
0,1,2,48.42799224401886,-123.36600636399588,9.7,0.2,12.6,8.8,1674,163,0,0,2916.0,1,0,0,,1,,,-1,,-1,-1,,-1,-1,-1,-1,-1,-1,0,0,0,0,19,295,0,0,-37.6655,144.8321,113.4,35,0,0,0,0,1674,163,226,1,31.88584366198423,1992,,19,295,3.799999999999999,0,0,0,0.0,1.0,0.2
9,4,-1,48.42831514417942,-123.36855964800267,8.8,2.8,12.9,7.7,1767,164,1,0,,1,12,0,,-1,,,-1,,-1,-1,,-1,-1,-1,-1,-1,-1,0,-1,0,-1,25,290,0,0,-37.6655,144.8321,113.4,45,0,0,0,0,1767,164,166,1,27.96740201593669,1993,,25,290,5.2,0,0,0,0.0,1.0,0.2
5,1,2,48.425829322708886,-123.37044498951916,10.1,0.0,12.9,5.1,1771,165,0,0,2761.0,1,0,0,,1,,,-1,,-1,-1,,-1,-1,-1,-1,-1,-1,0,0,0,0,21,278,0,0,-37.6655,144.8321,113.4,55,0,0,0,0,1771,165,112,1,16.453054347036886,1993,,21,278,7.800000000000001,0,0,1,0.0,0.0,0.0
23,2,-1,48.44339513290023,-123.33889888714056,10.6,0.0,12.9,8.6,1843,166,1,0,,1,4,0,,-1,,,-1,,-1,-1,,-1,-1,-1,-1,-1,-1,0,-1,0,-1,2,292,0,0,-37.6655,144.8321,113.4,65,0,0,0,0,1843,166,122,1,20.388828812530445,1991,,2,292,4.300000000000001,0,0,1,0.0,0.0,0.0
21,2,-1,48.45204074656336,-123.33428366719008,11.3,0.2,14.0,8.1,1896,167,1,0,,1,4,0,,-1,,,-1,,-1,-1,,-1,-1,-1,-1,-1,-1,0,-1,0,-1,0,256,0,0,-37.6655,144.8321,113.4,75,0,0,0,0,1896,167,185,1,25.43061298421884,1993,,0,256,5.9,0,0,0,0.0,1.0,0.2
9,0,-1,48.431405598848606,-123.36605616289128,9.7,9.2,13.5,9.5,1944,168,1,0,,1,12,0,,-1,,,-1,,-1,-1,,-1,-1,-1,-1,-1,-1,0,0,0,0,26,253,0,0,-37.6655,144.8321,113.4,85,0,0,0,0,1944,168,257,1,31.66100162411605,1993,,26,253,4.0,0,0,0,0.0,1.0,0.2
27,3,0,48.42827878241985,-123.3665370460811,8.7,0.0,16.0,5.6,1998,169,0,0,9292.0,0,5,0,2.0,0,5.0,3.0,0,2.5,0,0,0.8,0,0,0,0,0,0,0,-1,0,-1,13,243,0,0,-37.6655,144.8321,113.4,95,0,0,0,0,1998,169,182,1,26.13648930849908,1993,,13,243,10.4,0,0,1,0.5,0.5,0.1
15,2,-1,48.44637472454277,-123.33506303399612,11.4,0.0,14.1,2.8,2042,170,1,0,,1,3,0,,-1,,,-1,,-1,-1,,-1,-1,-1,-1,-1,-1,0,-1,0,-1,11,248,0,0,-37.6655,144.8321,113.4,105,0,0,0,0,2042,170,244,1,16.815547742392887,1985,,11,248,11.3,0,1,1,0.5,2.0,0.4
26,2,-1,48.44603377334114,-123.33040029076174,12.9,0.0,17.0,7.8,2082,171,1,0,,1,4,0,,-1,,,-1,,-1,-1,,-1,-1,-1,-1,-1,-1,0,-1,0,-1,5,242,0,0,-37.6655,144.8321,113.4,125,0,0,0,0,2082,171,214,1,26.98250020416221,1989,,5,242,9.2,0,0,1,0.0,0.0,0.0
17,2,-1,48.45003279743912,-123.33742670630777,10.3,2.2,15.0,9.0,2201,172,1,0,,1,3,0,,-1,,,-1,,-1,-1,,-1,-1,-1,-1,-1,-1,0,-1,0,-1,9,235,0,0,-37.6655,144.8321,113.4,135,0,0,0,0,2201,172,78,1,14.463826772166652,1990,,9,235,6.0,0,0,0,0.0,1.0,0.2
22,2,-1,48.44943466415555,-123.33304723649242,11.9,0.4,15.3,6.4,2213,173,1,0,,1,4,0,,-1,,,-1,,-1,-1,,-1,-1,-1,-1,-1,-1,0,-1,0,-1,1,232,0,0,-37.6655,144.8321,113.4,145,0,0,0,0,2213,173,259,1,35.94385840183611,1992,,1,232,8.9,0,0,0,0.0,1.0,0.2
1,1,2,48.426434445261584,-123.3645332751804,13.3,0.0,15.6,9.2,2330,174,0,0,2915.0,1,0,0,,1,,,-1,,-1,-1,,-1,-1,-1,-1,-1,-1,0,0,0,0,20,234,0,0,-37.6655,144.8321,113.4,155,0,0,0,0,2330,174,86,1,40.710282022049405,1982,,20,234,6.4,0,0,1,0.0,0.0,0.0
11,4,-1,48.42254667941295,-123.36179406423376,11.3,1.2,15.7,10.6,19,175,1,0,,1,7,0,,-1,,,-1,,-1,-1,,-1,-1,-1,-1,-1,-1,0,-1,0,-1,14,211,0,0,-37.6655,144.8321,113.4,165,0,0,0,0,19,175,49,1,33.17867039509708,1989,,14,211,5.1,0,0,0,0.0,1.0,0.2
18,2,-1,48.44325568739553,-123.33039626536691,11.6,0.0,15.2,7.2,197,176,1,0,,1,3,0,,-1,,,-1,,-1,-1,,-1,-1,-1,-1,-1,-1,0,-1,0,-1,8,190,0,0,-37.6655,144.8321,113.4,175,0,0,0,0,197,176,85,1,39.214221994301255,1990,,8,190,7.999999999999999,0,0,1,0.0,0.0,0.0
20,2,-1,48.44860586840107,-123.33452876837254,7.9,0.0,13.2,8.4,430,177,1,0,,1,3,0,,-1,,,-1,,-1,-1,,-1,-1,-1,-1,-1,-1,0,-1,0,-1,6,194,0,0,-37.6655,144.8321,113.4,185,0,0,0,0,430,177,229,1,34.10510993362756,1992,,6,194,4.799999999999999,0,0,1,0.0,0.0,0.0
2,1,2,48.42214270373907,-123.36452754503703,7.7,2.0,12.6,4.4,529,178,0,0,2518.0,1,0,0,,1,,,-1,,-1,-1,,-1,-1,-1,-1,-1,-1,0,0,0,0,23,167,0,0,-37.6655,144.8321,113.4,195,0,0,0,0,529,178,238,1,37.16769905936066,1982,,23,167,8.2,0,1,0,0.0,2.5,0.5
7,1,1,48.42602495688511,-123.3695750784632,8.7,0.0,12.9,4.2,778,179,0,0,4001.0,1,1,0,,1,,,-1,,-1,-1,,-1,-1,-1,-1,-1,-1,0,-1,0,-1,27,149,0,0,-37.6655,144.8321,113.4,205,0,0,0,0,778,179,225,1,36.730564692056575,1992,,27,149,8.7,0,1,1,0.0,1.5,0.3
16,2,-1,48.442367696049175,-123.33961628782096,7.4,0.0,9.9,5.3,897,180,1,0,,1,3,0,,-1,,,-1,,-1,-1,,-1,-1,-1,-1,-1,-1,0,-1,0,-1,10,183,0,0,-37.6655,144.8321,113.4,213,0,0,0,0,897,180,42,1,34.217214385387976,1993,,10,183,4.6000000000000005,0,0,1,0.0,0.0,0.0
4,1,2,48.42324377707674,-123.37059361176958,8.4,0.0,14.3,2.1,911,181,0,0,2760.0,1,2,0,,1,,,-1,,-1,-1,,-1,-1,-1,-1,-1,-1,0,0,0,0,22,199,0,0,-37.6655,144.8321,113.4,231,0,0,0,0,911,181,280,1,30.98350542757764,1993,,22,199,12.200000000000001,0,1,1,0.5,2.0,0.4
12,4,-1,48.42133735113833,-123.36388933203844,8.6,0.0,11.7,4.2,964,182,1,0,,1,11,0,,-1,,,-1,,-1,-1,,-1,-1,-1,-1,-1,-1,0,-1,0,-1,15,202,0,0,-37.6655,144.8321,113.4,6,0,0,0,0,964,182,59,1,19.97620248695601,1989,,15,202,7.499999999999999,0,1,1,0.0,1.5,0.3
14,0,-1,48.41884693712432,-123.36126162667396,7.3,0.0,11.9,5.1,1160,183,1,0,,1,6,0,,-1,,,-1,,-1,-1,,-1,-1,-1,-1,-1,-1,0,0,0,0,17,210,0,0,-37.6655,144.8321,113.4,116,0,0,0,0,1160,183,232,1,25.784475755309515,1990,,17,210,6.800000000000001,0,0,1,0.0,0.0,0.0
3,1,2,48.42516605955605,-123.3640076771169,7.9,0.0,12.1,3.8,1241,184,0,0,2517.0,1,0,0,,1,,,-1,,-1,-1,,-1,-1,-1,-1,-1,-1,0,0,0,0,24,217,0,0,-37.6655,144.8321,113.4,223,0,0,0,0,1241,184,216,1,20.963777739626973,1993,,24,217,8.3,0,1,1,0.0,1.5,0.3
8,4,-1,48.42958750279374,-123.36648990515292,9.8,0.0,12.7,3.2,1295,185,1,0,,1,10,0,,-1,,,-1,,-1,-1,,-1,-1,-1,-1,-1,-1,0,-1,0,-1,18,212,0,0,-37.6655,144.8321,113.4,246,0,0,0,0,1295,185,256,1,20.53881429948984,1989,,18,212,9.5,0,1,1,0.0,1.5,0.3
19,2,-1,48.44788592849921,-123.335940987532,6.9,0.4,13.6,6.7,1347,186,1,0,,1,3,0,,-1,,,-1,,-1,-1,,-1,-1,-1,-1,-1,-1,0,-1,0,-1,7,229,0,0,-37.6655,144.8321,113.4,256,0,0,0,0,1347,186,54,1,20.876393118301387,1991,,7,229,6.8999999999999995,0,0,0,0.0,1.0,0.2
10,4,-1,48.43077155535416,-123.3666852861488,9.4,0.2,16.9,-0.5,1352,187,1,0,,1,9,0,,-1,,,-1,,-1,-1,,-1,-1,-1,-1,-1,-1,0,-1,0,-1,12,237,0,0,-37.6655,144.8321,113.4,266,0,0,0,0,1352,187,15,1,29.80664365367195,1991,,12,237,17.4,0,1,0,0.5,3.0,0.6
6,1,1,48.42414435451687,-123.37042325906422,10.2,0.0,14.1,3.2,1366,188,0,0,4002.0,1,1,0,,1,,,-1,,-1,-1,,-1,-1,-1,-1,-1,-1,0,-1,0,-1,28,186,0,0,-37.6655,144.8321,113.4,276,0,0,0,0,1366,188,10,1,27.085262136204733,1989,,28,186,10.899999999999999,0,1,1,0.5,2.0,0.4
25,2,-1,48.444035535156495,-123.336813684477,8.3,0.6,11.7,7.5,1472,189,1,0,,1,4,0,,-1,,,-1,,-1,-1,,-1,-1,-1,-1,-1,-1,0,-1,0,-1,4,175,0,0,-37.6655,144.8321,113.4,286,0,0,0,0,1472,189,76,1,33.68922638678223,1993,,4,175,4.199999999999999,0,0,0,0.0,1.0,0.2
13,0,-1,48.41983749576521,-123.36648784793736,8.1,12.6,12.7,5.9,1512,190,1,0,,1,8,0,,-1,,,-1,,-1,-1,,-1,-1,-1,-1,-1,-1,0,0,0,0,16,191,0,0,-37.6655,144.8321,113.4,296,0,0,0,0,1512,190,33,1,24.073880209493016,1981,,16,191,6.799999999999999,0,0,0,0.0,1.0,0.2
24,2,-1,48.44566558217935,-123.33910424665854,9.3,0.2,15.6,2.3,1654,191,1,0,,1,4,0,,-1,,,-1,,-1,-1,,-1,-1,-1,-1,-1,-1,0,-1,0,-1,3,215,0,0,-37.6655,144.8321,113.4,16,0,0,0,0,1654,191,247,1,19.434178653033943,1989,,3,215,13.3,0,1,0,0.5,3.0,0.6
0,1,2,48.42884436859409,-123.3624352975554,9.1,0.0,13.4,4.5,1674,192,0,0,2916.0,1,0,0,,1,,,-1,,-1,-1,,-1,-1,-1,-1,-1,-1,0,0,0,0,19,185,0,0,-37.6655,144.8321,113.4,26,0,0,0,0,1674,192,12,1,21.017076106058,1984,,19,185,8.9,0,1,1,0.0,1.5,0.3
9,4,-1,48.42239205031137,-123.36506412860568,7.4,1.8,10.1,5.1,1767,193,1,0,,1,12,0,,-1,,,-1,,-1,-1,,-1,-1,-1,-1,-1,-1,0,-1,0,-1,25,206,0,0,-37.6655,144.8321,113.4,36,0,0,0,0,1767,193,194,1,18.24677474961961,1993,,25,206,5.0,0,0,0,0.0,1.0,0.2
5,1,2,48.43031052373277,-123.36398197526378,8.1,4.2,12.4,4.6,1771,194,0,0,2761.0,1,0,0,,1,,,-1,,-1,-1,,-1,-1,-1,-1,-1,-1,0,0,0,0,21,155,0,0,-37.6655,144.8321,113.4,46,0,0,0,0,1771,194,26,1,20.15209812240548,1984,,21,155,7.800000000000001,0,1,0,0.0,2.5,0.5
23,2,-1,48.450602036228354,-123.32981721539667,9.1,1.0,11.7,4.7,1843,195,1,0,,1,4,0,,-1,,,-1,,-1,-1,,-1,-1,-1,-1,-1,-1,0,-1,0,-1,2,146,0,0,-37.6655,144.8321,113.4,56,0,0,0,0,1843,195,140,1,19.81300683242197,1989,,2,146,6.999999999999999,0,1,0,0.0,2.5,0.5
21,2,-1,48.44799342961464,-123.33725959218609,10.1,0.0,14.3,5.9,1896,196,1,0,,1,4,0,,-1,,,-1,,-1,-1,,-1,-1,-1,-1,-1,-1,0,-1,0,-1,0,161,0,0,-37.6655,144.8321,113.4,66,0,0,0,0,1896,196,199,1,17.088177505404936,1989,,0,161,8.4,0,0,1,0.0,0.0,0.0
9,0,-1,48.43100161929028,-123.37225718131414,9.8,0.0,12.5,7.3,1944,197,1,0,,1,12,0,,-1,,,-1,,-1,-1,,-1,-1,-1,-1,-1,-1,0,0,0,0,26,177,0,0,-37.6655,144.8321,113.4,76,0,0,0,0,1944,197,62,1,19.4397921052784,1990,,26,177,5.2,0,0,1,0.0,0.0,0.0
27,3,0,48.42835041134912,-123.36820031641344,8.4,0.0,16.7,7.3,1998,198,0,0,9292.0,0,5,0,2.0,0,5.0,3.0,0,2.5,0,0,0.8,0,0,0,0,0,0,0,-1,0,-1,13,197,0,0,-37.6655,144.8321,113.4,86,0,0,0,0,1998,198,79,1,16.604682414929506,1989,,13,197,9.399999999999999,0,0,1,0.0,0.0,0.0
15,2,-1,48.449554163506775,-123.3377089745666,6.4,0.4,10.6,4.3,2042,199,1,0,,1,3,0,,-1,,,-1,,-1,-1,,-1,-1,-1,-1,-1,-1,0,-1,0,-1,11,201,0,0,-37.6655,144.8321,113.4,96,0,0,0,0,2042,199,40,1,26.52697003313009,1990,,11,201,6.3,0,1,0,0.0,2.5,0.5
26,2,-1,48.45039996848304,-123.3365882260207,4.3,2.0,11.1,2.5,2082,200,1,0,,1,4,0,,-1,,,-1,,-1,-1,,-1,-1,-1,-1,-1,-1,0,-1,0,-1,5,188,0,0,-37.6655,144.8321,113.4,106,0,0,0,0,2082,200,101,1,29.621745969867742,1992,,5,188,8.6,0,1,0,0.0,2.5,0.5
17,2,-1,48.45055076422929,-123.3382699312912,5.3,0.2,12.4,-1.5,2201,201,1,0,,1,3,0,,-1,,,-1,,-1,-1,,-1,-1,-1,-1,-1,-1,0,-1,0,-1,9,178,0,0,-37.6655,144.8321,113.4,126,0,0,0,0,2201,201,17,1,30.002530479829883,1984,,9,178,13.9,0,1,0,0.5,3.0,0.6
22,2,-1,48.45103720114125,-123.33785807377478,8.3,0.0,15.5,-0.2,2213,202,1,0,,1,4,0,,-1,,,-1,,-1,-1,,-1,-1,-1,-1,-1,-1,0,-1,0,-1,1,222,0,0,-37.6655,144.8321,113.4,136,0,0,0,0,2213,202,18,1,18.29143194252569,1993,,1,222,15.7,0,1,1,0.5,2.0,0.4
1,1,2,48.42426534393963,-123.364059298427,11.9,0.0,17.6,1.5,2330,203,0,0,2915.0,1,0,0,,1,,,-1,,-1,-1,,-1,-1,-1,-1,-1,-1,0,0,0,0,20,209,0,0,-37.6655,144.8321,113.4,146,0,0,0,0,2330,203,127,1,21.816193014665057,1990,,20,209,16.1,0,1,1,0.5,2.0,0.4
11,4,-1,48.42349775534628,-123.36102783214444,11.5,0.2,13.4,5.8,19,204,1,0,,1,7,0,,-1,,,-1,,-1,-1,,-1,-1,-1,-1,-1,-1,0,-1,0,-1,14,205,0,0,-37.6655,144.8321,113.4,156,0,0,0,0,19,204,253,1,28.29742378180198,1993,,14,205,7.6000000000000005,0,0,0,0.0,1.0,0.2
18,2,-1,48.44303408770907,-123.33433561297711,11.9,6.0,17.4,9.7,197,205,1,0,,1,3,0,,-1,,,-1,,-1,-1,,-1,-1,-1,-1,-1,-1,0,-1,0,-1,8,163,0,0,-37.6655,144.8321,113.4,166,0,0,0,0,197,205,195,1,13.971175405767584,1984,,8,163,7.699999999999999,0,0,0,0.0,1.0,0.2
20,2,-1,48.44868441441828,-123.33316618213136,10.4,0.0,13.9,6.9,430,206,1,0,,1,3,0,,-1,,,-1,,-1,-1,,-1,-1,-1,-1,-1,-1,0,-1,0,-1,6,6,0,0,-37.6655,144.8321,113.4,176,0,0,0,0,430,206,117,1,23.87116526535289,1997,,6,6,7.0,0,0,1,0.0,0.0,0.0
2,1,2,48.42521004594959,-123.37098637267852,9.6,4.6,12.3,6.0,529,207,0,0,2518.0,1,0,0,,1,,,-1,,-1,-1,,-1,-1,-1,-1,-1,-1,0,0,0,0,23,208,0,0,-37.6655,144.8321,113.4,186,0,0,0,0,529,207,172,1,24.642094523321624,1990,,23,208,6.300000000000001,0,0,0,0.0,1.0,0.2
7,1,1,48.42510655617677,-123.37311391682516,11.3,1.8,15.6,6.6,778,208,0,0,4001.0,1,1,0,,1,,,-1,,-1,-1,,-1,-1,-1,-1,-1,-1,0,-1,0,-1,27,298,0,0,-37.6655,144.8321,113.4,196,0,0,0,0,778,208,113,1,31.82538617534612,1996,,27,298,9.0,0,0,0,0.0,1.0,0.2
16,2,-1,48.44454846943709,-123.33163489470591,7.9,0.8,13.2,6.6,897,209,1,0,,1,3,0,,-1,,,-1,,-1,-1,,-1,-1,-1,-1,-1,-1,0,-1,0,-1,10,0,0,0,-37.6655,144.8321,113.4,206,0,0,0,0,897,209,16,1,11.15790000043917,1996,,10,0,6.6,0,0,0,0.0,1.0,0.2
4,1,2,48.42388935095372,-123.36399841415502,5.7,1.2,12.3,4.2,911,210,0,0,2760.0,1,2,0,,1,,,-1,,-1,-1,,-1,-1,-1,-1,-1,-1,0,0,0,0,22,2,0,0,-37.6655,144.8321,113.4,214,0,0,0,0,911,210,88,1,8.000000000624997,1996,,22,2,8.100000000000001,0,1,0,0.0,2.5,0.5
12,4,-1,48.42519922640886,-123.36524295576396,9.4,0.0,12.5,-1.1,964,211,1,0,,1,11,0,,-1,,,-1,,-1,-1,,-1,-1,-1,-1,-1,-1,0,-1,0,-1,15,176,0,0,-37.6655,144.8321,113.4,232,0,0,0,0,964,211,252,1,9.756978429326145,1996,,15,176,13.6,0,1,1,0.5,2.0,0.4
14,0,-1,48.42041688184351,-123.36305923308252,9.9,0.0,13.9,5.8,1160,212,1,0,,1,6,0,,-1,,,-1,,-1,-1,,-1,-1,-1,-1,-1,-1,0,0,0,0,17,43,0,0,-37.6655,144.8321,113.4,238,0,0,0,0,1160,212,141,1,19.74191043199245,1990,,17,43,8.100000000000001,0,0,1,0.0,0.0,0.0
3,1,2,48.42400506905759,-123.36324290266236,10.9,0.0,14.8,6.6,1241,213,0,0,2517.0,1,0,0,,1,,,-1,,-1,-1,,-1,-1,-1,-1,-1,-1,0,0,0,0,24,60,0,0,-37.6655,144.8321,113.4,7,0,0,0,0,1241,213,171,1,24.379144881203093,1997,,24,60,8.200000000000001,0,0,1,0.0,0.0,0.0
8,4,-1,48.43321322405035,-123.36703539919996,12.2,0.2,16.0,6.6,1295,214,1,0,,1,10,0,,-1,,,-1,,-1,-1,,-1,-1,-1,-1,-1,-1,0,-1,0,-1,18,75,0,0,-37.6655,144.8321,113.4,117,0,0,0,0,1295,214,157,1,28.236170066827167,1997,,18,75,9.4,0,0,0,0.0,1.0,0.2
19,2,-1,48.44416758305973,-123.33502513412952,15.2,2.6,18.1,9.1,1347,215,1,0,,1,3,0,,-1,,,-1,,-1,-1,,-1,-1,-1,-1,-1,-1,0,-1,0,-1,7,58,0,0,-37.6655,144.8321,113.4,224,0,0,0,0,1347,215,48,1,20.77862570199581,1991,,7,58,9.000000000000002,0,0,0,0.0,1.0,0.2
10,4,-1,48.42681767547815,-123.36590805941344,13.7,1.8,17.9,11.1,1352,216,1,0,,1,9,0,,-1,,,-1,,-1,-1,,-1,-1,-1,-1,-1,-1,0,-1,0,-1,12,4,0,0,-37.6655,144.8321,113.4,247,0,0,0,0,1352,216,45,1,18.396711972595263,1993,,12,4,6.799999999999999,0,0,0,0.0,1.0,0.2
6,1,1,48.42404996982708,-123.37248811534124,9.8,0.0,14.2,11.0,1366,217,0,0,4002.0,1,1,0,,1,,,-1,,-1,-1,,-1,-1,-1,-1,-1,-1,0,-1,0,-1,28,17,0,0,-37.6655,144.8321,113.4,257,0,0,0,0,1366,217,145,1,12.210356362916327,1997,,28,17,3.1999999999999993,0,0,1,0.0,0.0,0.0
25,2,-1,48.450949536626105,-123.33910285701268,9.9,0.0,13.8,5.6,1472,218,1,0,,1,4,0,,-1,,,-1,,-1,-1,,-1,-1,-1,-1,-1,-1,0,-1,0,-1,4,18,0,0,-37.6655,144.8321,113.4,267,0,0,0,0,1472,218,153,1,29.72802315017113,1989,,4,18,8.200000000000001,0,0,1,0.0,0.0,0.0
13,0,-1,48.42397774266595,-123.36024008826833,8.8,0.4,14.5,5.8,1512,219,1,0,,1,8,0,,-1,,,-1,,-1,-1,,-1,-1,-1,-1,-1,-1,0,0,0,0,16,8,0,0,-37.6655,144.8321,113.4,277,0,0,0,0,1512,219,27,1,26.48633339103044,1997,,16,8,8.7,0,0,0,0.0,1.0,0.2
24,2,-1,48.446619061612296,-123.33035985406704,6.7,0.0,14.4,2.9,1654,220,1,0,,1,4,0,,-1,,,-1,,-1,-1,,-1,-1,-1,-1,-1,-1,0,-1,0,-1,3,44,0,0,-37.6655,144.8321,113.4,287,0,0,0,0,1654,220,284,1,32.69325805379336,1997,,3,44,11.5,0,1,1,0.5,2.0,0.4
0,1,2,48.42750008768436,-123.36524868319532,6.7,5.0,13.5,0.4,1674,221,0,0,2916.0,1,0,0,,1,,,-1,,-1,-1,,-1,-1,-1,-1,-1,-1,0,0,0,0,19,33,0,0,-37.6655,144.8321,113.4,297,0,0,0,0,1674,221,207,1,27.21183736177168,1992,,19,33,13.1,0,1,0,0.5,3.0,0.6
9,4,-1,48.42997913029429,-123.37001637006608,10.8,0.0,12.0,1.4,1767,222,1,0,,1,12,0,,-1,,,-1,,-1,-1,,-1,-1,-1,-1,-1,-1,0,-1,0,-1,25,61,0,0,-37.6655,144.8321,113.4,17,0,0,0,0,1767,222,6,1,25.09992569312644,1991,,25,61,10.6,0,1,1,0.5,2.0,0.4
5,1,2,48.421709304404864,-123.36571768497993,10.9,0.0,14.0,6.4,1771,223,0,0,2761.0,1,0,0,,1,,,-1,,-1,-1,,-1,-1,-1,-1,-1,-1,0,0,0,0,21,87,0,0,-37.6655,144.8321,113.4,27,0,0,0,0,1771,223,4,1,34.89182372498274,1990,,21,87,7.6,0,0,1,0.0,0.0,0.0
23,2,-1,48.45004868872999,-123.33400998151365,10.0,1.8,15.0,8.6,1843,224,1,0,,1,4,0,,-1,,,-1,,-1,-1,,-1,-1,-1,-1,-1,-1,0,-1,0,-1,2,100,0,0,-37.6655,144.8321,113.4,37,0,0,0,0,1843,224,23,1,23.143202495357045,1990,,2,100,6.4,0,0,0,0.0,1.0,0.2
21,2,-1,48.44549513042199,-123.33468895251792,9.8,0.0,16.6,4.6,1896,225,1,0,,1,4,0,,-1,,,-1,,-1,-1,,-1,-1,-1,-1,-1,-1,0,-1,0,-1,0,85,0,0,-37.6655,144.8321,113.4,47,0,0,0,0,1896,225,8,1,27.055983964735194,1989,,0,85,12.000000000000002,0,1,1,0.5,2.0,0.4
9,0,-1,48.42609562601052,-123.3704048287422,11.2,0.8,14.6,6.1,1944,226,1,0,,1,12,0,,-1,,,-1,,-1,-1,,-1,-1,-1,-1,-1,-1,0,0,0,0,26,74,0,0,-37.6655,144.8321,113.4,57,0,0,0,0,1944,226,175,1,20.4038940638502,1989,,26,74,8.5,0,0,0,0.0,1.0,0.2
27,3,0,48.42392797942204,-123.35975316172969,11.6,0.0,15.9,8.1,1998,227,0,0,9292.0,0,5,0,2.0,0,5.0,3.0,0,2.5,0,0,0.8,0,0,0,0,0,0,0,-1,0,-1,13,77,0,0,-37.6655,144.8321,113.4,67,0,0,0,0,1998,227,224,1,9.154588269017571,1989,,13,77,7.800000000000001,0,0,1,0.0,0.0,0.0
15,2,-1,48.44922470958899,-123.33381548152876,9.6,1.4,14.0,9.5,2042,228,1,0,,1,3,0,,-1,,,-1,,-1,-1,,-1,-1,-1,-1,-1,-1,0,-1,0,-1,11,56,0,0,-37.6655,144.8321,113.4,77,0,0,0,0,2042,228,193,1,19.64774660735847,1991,,11,56,4.5,0,0,0,0.0,1.0,0.2
26,2,-1,48.4458798834716,-123.33618165476896,11.7,1.2,15.5,4.4,2082,229,1,0,,1,4,0,,-1,,,-1,,-1,-1,,-1,-1,-1,-1,-1,-1,0,-1,0,-1,5,47,0,0,-37.6655,144.8321,113.4,87,0,0,0,0,2082,229,99,1,7.999960062258044,1989,,5,47,11.1,0,1,0,0.5,3.0,0.6
17,2,-1,48.44346787807898,-123.33698564686854,10.4,2.4,14.2,8.2,2201,230,1,0,,1,3,0,,-1,,,-1,,-1,-1,,-1,-1,-1,-1,-1,-1,0,-1,0,-1,9,14,0,0,-37.6655,144.8321,113.4,97,0,0,0,0,2201,230,234,1,21.796936244590373,1989,,9,14,6.0,0,0,0,0.0,1.0,0.2
22,2,-1,48.44294609209822,-123.33941445793424,12.1,8.4,15.5,5.2,2213,231,1,0,,1,4,0,,-1,,,-1,,-1,-1,,-1,-1,-1,-1,-1,-1,0,-1,0,-1,1,12,0,0,-37.6655,144.8321,113.4,107,0,0,0,0,2213,231,249,1,17.818709442371308,1981,,1,12,10.3,0,0,0,0.5,1.5,0.3
1,1,2,48.42815022158458,-123.36672845258155,8.9,1.4,13.0,9.7,2330,232,0,0,2915.0,1,0,0,,1,,,-1,,-1,-1,,-1,-1,-1,-1,-1,-1,0,0,0,0,20,51,0,0,-37.6655,144.8321,113.4,127,0,0,0,0,2330,232,188,1,18.20739851816574,1992,,20,51,3.3000000000000007,0,0,0,0.0,1.0,0.2
11,4,-1,48.42356406998236,-123.36461363570275,10.3,0.2,14.3,5.6,19,233,1,0,,1,7,0,,-1,,,-1,,-1,-1,,-1,-1,-1,-1,-1,-1,0,-1,0,-1,14,31,0,0,-37.6655,144.8321,113.4,137,0,0,0,0,19,233,264,1,27.08573484670769,1981,,14,31,8.700000000000001,0,0,0,0.0,1.0,0.2
18,2,-1,48.45148072345596,-123.33816673679485,9.3,0.0,17.2,8.0,197,234,1,0,,1,3,0,,-1,,,-1,,-1,-1,,-1,-1,-1,-1,-1,-1,0,-1,0,-1,8,30,0,0,-37.6655,144.8321,113.4,147,0,0,0,0,197,234,212,1,28.82137588181902,1989,,8,30,9.2,0,0,1,0.0,0.0,0.0
20,2,-1,48.442429685491575,-123.33310745087432,8.1,8.4,12.3,4.6,430,235,1,0,,1,3,0,,-1,,,-1,,-1,-1,,-1,-1,-1,-1,-1,-1,0,-1,0,-1,6,29,0,0,-37.6655,144.8321,113.4,157,0,0,0,0,430,235,269,1,20.792516119644564,1991,,6,29,7.700000000000001,0,1,0,0.0,2.5,0.5
2,1,2,48.42122346206212,-123.36710800697836,10.4,3.4,12.6,5.6,529,236,0,0,2518.0,1,0,0,,1,,,-1,,-1,-1,,-1,-1,-1,-1,-1,-1,0,0,0,0,23,23,0,0,-37.6655,144.8321,113.4,167,0,0,0,0,529,236,192,1,34.1915029938101,1991,,23,23,7.0,0,0,0,0.0,1.0,0.2
7,1,1,48.42513513663628,-123.37249986156247,11.1,4.2,14.9,9.2,778,237,0,0,4001.0,1,1,0,,1,,,-1,,-1,-1,,-1,-1,-1,-1,-1,-1,0,-1,0,-1,27,9,0,0,-37.6655,144.8321,113.4,177,0,0,0,0,778,237,189,1,18.13747278533233,1980,,27,9,5.700000000000001,0,0,0,0.0,1.0,0.2
16,2,-1,48.44317075913283,-123.33444580023284,10.2,1.4,13.1,9.2,897,238,1,0,,1,3,0,,-1,,,-1,,-1,-1,,-1,-1,-1,-1,-1,-1,0,-1,0,-1,10,66,0,0,-37.6655,144.8321,113.4,187,0,0,0,0,897,238,34,1,13.265306314929676,1992,,10,66,3.9000000000000004,0,0,0,0.0,1.0,0.2
4,1,2,48.42721635668799,-123.36407349166272,12.8,0.0,18.9,6.6,911,239,0,0,2760.0,1,2,0,,1,,,-1,,-1,-1,,-1,-1,-1,-1,-1,-1,0,0,0,0,22,79,0,0,-37.6655,144.8321,113.4,197,0,0,0,0,911,239,277,1,27.282319239375813,1980,,22,79,12.299999999999999,0,0,1,0.5,0.5,0.1
12,4,-1,48.42712593141324,-123.36534366180072,14.9,0.2,19.1,7.7,964,240,1,0,,1,11,0,,-1,,,-1,,-1,-1,,-1,-1,-1,-1,-1,-1,0,-1,0,-1,15,50,0,0,-37.6655,144.8321,113.4,207,0,0,0,0,964,240,267,1,27.194134957935315,1992,,15,50,11.400000000000002,0,0,0,0.5,1.5,0.3
14,0,-1,48.41957088997548,-123.36753239770636,11.8,0.0,15.0,10.6,1160,241,1,0,,1,6,0,,-1,,,-1,,-1,-1,,-1,-1,-1,-1,-1,-1,0,0,0,0,17,27,0,0,-37.6655,144.8321,113.4,215,0,0,0,0,1160,241,274,1,20.08501119699826,1991,,17,27,4.4,0,0,1,0.0,0.0,0.0
3,1,2,48.42410360740898,-123.36190261454529,9.1,16.2,14.2,7.4,1241,242,0,0,2517.0,1,0,0,,1,,,-1,,-1,-1,,-1,-1,-1,-1,-1,-1,0,0,0,0,24,42,0,0,-37.6655,144.8321,113.4,233,0,0,0,0,1241,242,217,1,22.62527249226176,1992,,24,42,6.799999999999999,0,0,0,0.0,1.0,0.2
8,4,-1,48.42449539670146,-123.36721078076184,9.8,0.6,15.8,4.1,1295,243,1,0,,1,10,0,,-1,,,-1,,-1,-1,,-1,-1,-1,-1,-1,-1,0,-1,0,-1,18,83,0,0,-37.6655,144.8321,113.4,239,0,0,0,0,1295,243,154,1,25.263369248202075,1992,,18,83,11.700000000000001,0,1,0,0.5,3.0,0.6
19,2,-1,48.44885126589934,-123.33963550551552,10.7,0.0,14.7,4.3,1347,244,1,0,,1,3,0,,-1,,,-1,,-1,-1,,-1,-1,-1,-1,-1,-1,0,-1,0,-1,7,92,0,0,-37.6655,144.8321,113.4,8,0,0,0,0,1347,244,262,1,12.540293700568853,1992,,7,92,10.399999999999999,0,1,1,0.5,2.0,0.4
10,4,-1,48.43038181647803,-123.36650591282424,7.9,5.2,12.5,5.7,1352,245,1,0,,1,9,0,,-1,,,-1,,-1,-1,,-1,-1,-1,-1,-1,-1,0,-1,0,-1,12,111,0,0,-37.6655,144.8321,113.4,118,0,0,0,0,1352,245,251,1,34.05824294359902,1985,,12,111,6.8,0,0,0,0.0,1.0,0.2
6,1,1,48.43067177753006,-123.36525274883375,9.7,0.4,14.5,4.5,1366,246,0,0,4002.0,1,1,0,,1,,,-1,,-1,-1,,-1,-1,-1,-1,-1,-1,0,-1,0,-1,28,123,0,0,-37.6655,144.8321,113.4,225,0,0,0,0,1366,246,223,1,45.35073087828585,1992,,28,123,10.0,0,1,0,0.5,3.0,0.6
25,2,-1,48.44494741142824,-123.33526028470592,8.4,1.0,11.8,6.5,1472,247,1,0,,1,4,0,,-1,,,-1,,-1,-1,,-1,-1,-1,-1,-1,-1,0,-1,0,-1,4,112,0,0,-37.6655,144.8321,113.4,248,0,0,0,0,1472,247,197,1,40.60886637793366,1993,,4,112,5.300000000000001,0,0,0,0.0,1.0,0.2
13,0,-1,48.422113014733576,-123.3683033026249,8.6,0.0,15.1,4.9,1512,248,1,0,,1,8,0,,-1,,,-1,,-1,-1,,-1,-1,-1,-1,-1,-1,0,0,0,0,16,108,0,0,-37.6655,144.8321,113.4,258,0,0,0,0,1512,248,174,1,20.671025902197268,1991,,16,108,10.2,0,1,1,0.5,2.0,0.4
24,2,-1,48.448332700008,-123.33078947727546,9.8,0.0,17.7,2.6,1654,249,1,0,,1,4,0,,-1,,,-1,,-1,-1,,-1,-1,-1,-1,-1,-1,0,-1,0,-1,3,102,0,0,-37.6655,144.8321,113.4,268,0,0,0,0,1654,249,63,1,25.18412002615392,1993,,3,102,15.1,0,1,1,0.5,2.0,0.4
0,1,2,48.42931523863167,-123.3646557018093,14.9,0.0,19.3,2.8,1674,250,0,0,2916.0,1,0,0,,1,,,-1,,-1,-1,,-1,-1,-1,-1,-1,-1,0,0,0,0,19,99,0,0,-37.6655,144.8321,113.4,278,0,0,0,0,1674,250,9,1,23.55427578644931,1989,,19,99,16.5,0,1,1,0.5,2.0,0.4
9,4,-1,48.42676292776186,-123.37147874675648,13.7,4.6,16.3,11.0,1767,251,1,0,,1,12,0,,-1,,,-1,,-1,-1,,-1,-1,-1,-1,-1,-1,0,-1,0,-1,25,82,0,0,-37.6655,144.8321,113.4,288,0,0,0,0,1767,251,114,1,15.16410275490314,1992,,25,82,5.300000000000001,0,0,0,0.0,1.0,0.2
5,1,2,48.424976257980575,-123.36907294575056,14.0,0.6,19.8,10.4,1771,252,0,0,2761.0,1,0,0,,1,,,-1,,-1,-1,,-1,-1,-1,-1,-1,-1,0,0,0,0,21,157,0,0,-37.6655,144.8321,113.4,298,0,0,0,0,1771,252,276,1,33.86525053150869,1989,,21,157,9.4,0,0,0,0.0,1.0,0.2
23,2,-1,48.4456297242744,-123.33079359655662,10.4,2.0,15.7,9.9,1843,253,1,0,,1,4,0,,-1,,,-1,,-1,-1,,-1,-1,-1,-1,-1,-1,0,-1,0,-1,2,147,0,0,-37.6655,144.8321,113.4,18,0,0,0,0,1843,253,268,1,18.48218754667551,1991,,2,147,5.799999999999999,0,0,0,0.0,1.0,0.2
21,2,-1,48.450525780565606,-123.334016876156,10.6,0.0,16.2,4.7,1896,254,1,0,,1,4,0,,-1,,,-1,,-1,-1,,-1,-1,-1,-1,-1,-1,0,-1,0,-1,0,131,0,0,-37.6655,144.8321,113.4,28,0,0,0,0,1896,254,278,1,24.99319624311821,1992,,0,131,11.5,0,1,1,0.5,2.0,0.4
9,0,-1,48.42961343210591,-123.373985164873,7.9,3.4,13.5,5.2,1944,255,1,0,,1,12,0,,-1,,,-1,,-1,-1,,-1,-1,-1,-1,-1,-1,0,0,0,0,26,98,0,0,-37.6655,144.8321,113.4,38,0,0,0,0,1944,255,213,1,22.774266606284712,1992,,26,98,8.3,0,0,0,0.0,1.0,0.2
27,3,0,48.42062276868139,-123.36252294891524,6.6,0.2,12.4,3.4,1998,256,0,0,9292.0,0,5,0,2.0,0,5.0,3.0,0,2.5,0,0,0.8,0,0,0,0,0,0,0,-1,0,-1,13,165,0,0,-37.6655,144.8321,113.4,48,0,0,0,0,1998,256,178,1,30.129117104264587,1992,,13,165,9.0,0,1,0,0.0,2.5,0.5
15,2,-1,48.446527983295134,-123.33077453007554,12.9,0.0,17.2,0.8,2042,257,1,0,,1,3,0,,-1,,,-1,,-1,-1,,-1,-1,-1,-1,-1,-1,0,-1,0,-1,11,113,0,0,-37.6655,144.8321,113.4,58,0,0,0,0,2042,257,30,1,23.400210397518528,1990,,11,113,16.4,0,1,1,0.5,2.0,0.4
26,2,-1,48.449404359573705,-123.3334654319594,12.2,4.0,14.9,10.2,2082,258,1,0,,1,4,0,,-1,,,-1,,-1,-1,,-1,-1,-1,-1,-1,-1,0,-1,0,-1,5,120,0,0,-37.6655,144.8321,113.4,68,0,0,0,0,2082,258,20,1,7.99997819622781,1989,,5,120,4.700000000000001,0,0,0,0.0,1.0,0.2
17,2,-1,48.4432731864702,-123.3381595607828,11.3,0.0,17.3,9.6,2201,259,1,0,,1,3,0,,-1,,,-1,,-1,-1,,-1,-1,-1,-1,-1,-1,0,-1,0,-1,9,127,0,0,-37.6655,144.8321,113.4,78,0,0,0,0,2201,259,46,1,33.47729927901182,1981,,9,127,7.700000000000001,0,0,1,0.0,0.0,0.0
22,2,-1,48.45189739283767,-123.33349400409335,10.9,2.4,13.8,7.6,2213,260,1,0,,1,4,0,,-1,,,-1,,-1,-1,,-1,-1,-1,-1,-1,-1,0,-1,0,-1,1,133,0,0,-37.6655,144.8321,113.4,88,0,0,0,0,2213,260,283,1,8.00005507566573,1990,,1,133,6.200000000000001,0,0,0,0.0,1.0,0.2
1,1,2,48.42461905296372,-123.36259635634966,10.6,4.6,16.8,9.5,2330,261,0,0,2915.0,1,0,0,,1,,,-1,,-1,-1,,-1,-1,-1,-1,-1,-1,0,0,0,0,20,148,0,0,-37.6655,144.8321,113.4,98,0,0,0,0,2330,261,206,1,8.00002972113569,1990,,20,148,7.300000000000001,0,0,0,0.0,1.0,0.2
11,4,-1,48.421590187137,-123.36399746800964,11.2,6.2,15.8,5.5,19,262,1,0,,1,7,0,,-1,,,-1,,-1,-1,,-1,-1,-1,-1,-1,-1,0,-1,0,-1,14,142,0,0,-37.6655,144.8321,113.4,108,0,0,0,0,19,262,228,1,21.839877000764904,1997,,14,142,10.3,0,0,0,0.5,1.5,0.3
18,2,-1,48.447885734306624,-123.33420352771734,14.2,0.0,18.6,6.4,197,263,1,0,,1,3,0,,-1,,,-1,,-1,-1,,-1,-1,-1,-1,-1,-1,0,-1,0,-1,8,152,0,0,-37.6655,144.8321,113.4,128,0,0,0,0,197,263,84,1,17.80006704438167,1991,,8,152,12.200000000000001,0,0,1,0.5,0.5,0.1
20,2,-1,48.450402435185545,-123.33049602634962,13.7,0.4,20.1,10.5,430,264,1,0,,1,3,0,,-1,,,-1,,-1,-1,,-1,-1,-1,-1,-1,-1,0,-1,0,-1,6,170,0,0,-37.6655,144.8321,113.4,138,0,0,0,0,430,264,66,1,7.999938006786936,1992,,6,170,9.600000000000001,0,0,0,0.0,1.0,0.2
2,1,2,48.42193870285895,-123.3700394713415,14.6,0.2,19.3,8.0,529,265,0,0,2518.0,1,0,0,,1,,,-1,,-1,-1,,-1,-1,-1,-1,-1,-1,0,0,0,0,23,151,0,0,-37.6655,144.8321,113.4,148,0,0,0,0,529,265,89,1,31.489003233990296,1991,,23,151,11.3,0,0,0,0.5,1.5,0.3
7,1,1,48.43040780294945,-123.3706169235742,11.3,0.0,16.3,11.9,778,266,0,0,4001.0,1,1,0,,1,,,-1,,-1,-1,,-1,-1,-1,-1,-1,-1,0,-1,0,-1,27,226,0,0,-37.6655,144.8321,113.4,158,0,0,0,0,778,266,210,1,20.82859559722503,1989,,27,226,4.4,0,0,1,0.0,0.0,0.0
16,2,-1,48.45043291582458,-123.33179271885427,8.6,2.2,15.1,6.2,897,267,1,0,,1,3,0,,-1,,,-1,,-1,-1,,-1,-1,-1,-1,-1,-1,0,-1,0,-1,10,221,0,0,-37.6655,144.8321,113.4,168,0,0,0,0,897,267,80,1,18.003969657240663,1989,,10,221,8.899999999999999,0,0,0,0.0,1.0,0.2
4,1,2,48.42568680859031,-123.36831719640296,13.7,0.0,18.5,3.2,911,268,0,0,2760.0,1,2,0,,1,,,-1,,-1,-1,,-1,-1,-1,-1,-1,-1,0,0,0,0,22,258,0,0,-37.6655,144.8321,113.4,178,0,0,0,0,911,268,141,1,25.122650711905028,1990,,22,258,15.3,0,1,1,0.5,2.0,0.4
12,4,-1,48.429816029519,-123.36262786358074,11.3,0.0,14.2,10.8,964,269,1,0,,1,11,0,,-1,,,-1,,-1,-1,,-1,-1,-1,-1,-1,-1,0,-1,0,-1,15,249,0,0,-37.6655,144.8321,113.4,188,0,0,0,0,964,269,60,1,20.65144936978875,1993,,15,249,3.3999999999999986,0,0,1,0.0,0.0,0.0
14,0,-1,48.42168178097475,-123.36097371024997,12.7,1.4,14.5,9.8,1160,270,1,0,,1,6,0,,-1,,,-1,,-1,-1,,-1,-1,-1,-1,-1,-1,0,0,0,0,17,250,0,0,-37.6655,144.8321,113.4,198,0,0,0,0,1160,270,95,1,23.768839393711755,1993,,17,250,4.699999999999999,0,0,0,0.0,1.0,0.2
3,1,2,48.42556816698606,-123.36703021362662,11.6,10.2,15.8,11.8,1241,271,0,0,2517.0,1,0,0,,1,,,-1,,-1,-1,,-1,-1,-1,-1,-1,-1,0,0,0,0,24,224,0,0,-37.6655,144.8321,113.4,208,0,0,0,0,1241,271,51,1,34.464196134808695,1991,,24,224,4.0,0,0,0,0.0,1.0,0.2
8,4,-1,48.432711295033045,-123.36417280214984,11.0,0.0,15.2,9.0,1295,272,1,0,,1,10,0,,-1,,,-1,,-1,-1,,-1,-1,-1,-1,-1,-1,0,-1,0,-1,18,228,0,0,-37.6655,144.8321,113.4,216,0,0,0,0,1295,272,125,1,31.141380123300927,1991,,18,228,6.199999999999999,0,0,1,0.0,0.0,0.0
19,2,-1,48.447487272014335,-123.33588874177283,12.1,0.0,19.4,6.2,1347,273,1,0,,1,3,0,,-1,,,-1,,-1,-1,,-1,-1,-1,-1,-1,-1,0,-1,0,-1,7,223,0,0,-37.6655,144.8321,113.4,234,0,0,0,0,1347,273,173,1,19.77240313668654,1990,,7,223,13.2,0,0,1,0.5,0.5,0.1
10,4,-1,48.42249188996293,-123.35965072083762,11.5,0.0,18.4,6.1,1352,274,1,0,,1,9,0,,-1,,,-1,,-1,-1,,-1,-1,-1,-1,-1,-1,0,-1,0,-1,12,200,0,0,-37.6655,144.8321,113.4,9,0,0,0,0,1352,274,191,1,28.821514420301245,1983,,12,200,12.299999999999999,0,0,1,0.5,0.5,0.1
6,1,1,48.42334585063759,-123.37271367550916,11.2,0.0,18.3,5.1,1366,275,0,0,4002.0,1,1,0,,1,,,-1,,-1,-1,,-1,-1,-1,-1,-1,-1,0,-1,0,-1,28,203,0,0,-37.6655,144.8321,113.4,119,0,0,0,0,1366,275,196,1,31.95631169406496,1990,,28,203,13.200000000000001,0,0,1,0.5,0.5,0.1
25,2,-1,48.44920724736199,-123.33493451582568,14.1,0.0,21.3,5.1,1472,276,1,0,,1,4,0,,-1,,,-1,,-1,-1,,-1,-1,-1,-1,-1,-1,0,-1,0,-1,4,220,0,0,-37.6655,144.8321,113.4,226,0,0,0,0,1472,276,170,1,30.604600001289903,1990,,4,220,16.200000000000003,0,0,1,0.5,0.5,0.1
13,0,-1,48.41903143544615,-123.36165619541978,11.0,0.0,15.6,8.4,1512,277,1,0,,1,8,0,,-1,,,-1,,-1,-1,,-1,-1,-1,-1,-1,-1,0,0,0,0,16,216,0,0,-37.6655,144.8321,113.4,249,0,0,0,0,1512,277,2,1,31.913843254158312,1990,,16,216,7.199999999999999,0,0,1,0.0,0.0,0.0
24,2,-1,48.452173749196376,-123.3307880939076,12.3,0.0,14.4,7.7,1654,278,1,0,,1,4,0,,-1,,,-1,,-1,-1,,-1,-1,-1,-1,-1,-1,0,-1,0,-1,3,198,0,0,-37.6655,144.8321,113.4,259,0,0,0,0,1654,278,150,1,22.00017213384537,1990,,3,198,6.7,0,0,1,0.0,0.0,0.0
0,1,2,48.42802588091125,-123.3611377599805,16.6,8.6,20.0,10.3,1674,279,0,0,2916.0,1,0,0,,1,,,-1,,-1,-1,,-1,-1,-1,-1,-1,-1,0,0,0,0,19,193,0,0,-37.6655,144.8321,113.4,269,0,0,0,0,1674,279,148,1,25.455937877157787,1989,,19,193,9.7,0,0,0,0.0,1.0,0.2
9,4,-1,48.42525533637534,-123.37155473213892,12.6,15.8,20.8,14.1,1767,280,1,0,,1,12,0,,-1,,,-1,,-1,-1,,-1,-1,-1,-1,-1,-1,0,-1,0,-1,25,171,0,0,-37.6655,144.8321,113.4,279,0,0,0,0,1767,280,81,1,20.538854394451192,1990,,25,171,6.700000000000001,0,0,0,0.0,1.0,0.2
5,1,2,48.425363451504666,-123.3636044195567,9.1,21.2,15.9,6.5,1771,281,0,0,2761.0,1,0,0,,1,,,-1,,-1,-1,,-1,-1,-1,-1,-1,-1,0,0,0,0,21,172,0,0,-37.6655,144.8321,113.4,289,0,0,0,0,1771,281,77,1,18.922392658251283,1990,,21,172,9.4,0,0,0,0.0,1.0,0.2
23,2,-1,48.449883589852966,-123.33653845516945,8.5,0.0,14.0,3.6,1843,282,1,0,,1,4,0,,-1,,,-1,,-1,-1,,-1,-1,-1,-1,-1,-1,0,-1,0,-1,2,179,0,0,-37.6655,144.8321,113.4,299,0,0,0,0,1843,282,248,1,18.73310557031638,1990,,2,179,10.4,0,1,1,0.5,2.0,0.4
21,2,-1,48.45153039625294,-123.33580810746156,11.7,0.0,18.0,3.2,1896,283,1,0,,1,4,0,,-1,,,-1,,-1,-1,,-1,-1,-1,-1,-1,-1,0,-1,0,-1,0,187,0,0,-37.6655,144.8321,113.4,19,0,0,0,0,1896,283,41,1,17.89336311554201,1989,,0,187,14.8,0,1,1,0.5,2.0,0.4
9,0,-1,48.42508973277004,-123.37364894028477,16.2,0.0,20.9,6.2,1944,284,1,0,,1,12,0,,-1,,,-1,,-1,-1,,-1,-1,-1,-1,-1,-1,0,0,0,0,26,239,0,0,-37.6655,144.8321,113.4,29,0,0,0,0,1944,284,181,1,36.253852869002834,1992,,26,239,14.7,0,0,1,0.5,0.5,0.1
27,3,0,48.42935394987708,-123.36210925448168,15.7,2.0,16.6,11.8,1998,285,0,0,9292.0,0,5,0,2.0,0,5.0,3.0,0,2.5,0,0,0.8,0,0,0,0,0,0,0,-1,0,-1,13,244,0,0,-37.6655,144.8321,113.4,39,0,0,0,0,1998,285,106,1,22.5142799227574,1990,,13,244,4.800000000000001,0,0,0,0.0,1.0,0.2
15,2,-1,48.449152024041,-123.33120261095024,12.4,10.2,16.2,14.4,2042,286,1,0,,1,3,0,,-1,,,-1,,-1,-1,,-1,-1,-1,-1,-1,-1,0,-1,0,-1,11,252,0,0,-37.6655,144.8321,113.4,49,0,0,0,0,2042,286,70,1,19.212880642583546,1989,,11,252,1.799999999999999,0,0,0,0.0,1.0,0.2
26,2,-1,48.44971510634837,-123.33158412878711,12.3,22.8,17.9,8.4,2082,287,1,0,,1,4,0,,-1,,,-1,,-1,-1,,-1,-1,-1,-1,-1,-1,0,-1,0,-1,5,265,0,0,-37.6655,144.8321,113.4,59,0,0,0,0,2082,287,22,1,16.44056475065632,1993,,5,265,9.499999999999998,0,0,0,0.0,1.0,0.2
17,2,-1,48.44966404186975,-123.33461128293304,13.9,0.6,18.6,7.4,2201,288,1,0,,1,3,0,,-1,,,-1,,-1,-1,,-1,-1,-1,-1,-1,-1,0,-1,0,-1,9,286,0,0,-37.6655,144.8321,113.4,69,0,0,0,0,2201,288,158,1,16.310118984226865,1987,,9,286,11.200000000000001,0,0,0,0.5,1.5,0.3
22,2,-1,48.44824226602251,-123.33338031848513,9.8,1.0,17.4,10.2,2213,289,1,0,,1,4,0,,-1,,,-1,,-1,-1,,-1,-1,-1,-1,-1,-1,0,-1,0,-1,1,289,0,0,-37.6655,144.8321,113.4,79,0,0,0,0,2213,289,110,1,19.116333254188586,1990,,1,289,7.199999999999999,0,0,0,0.0,1.0,0.2
1,1,2,48.4318546096406,-123.36833711777862,9.7,0.0,16.3,3.3,2330,290,0,0,2915.0,1,0,0,,1,,,-1,,-1,-1,,-1,-1,-1,-1,-1,-1,0,0,0,0,20,276,0,0,-37.6655,144.8321,113.4,89,0,0,0,0,2330,290,87,1,8.376085798227747,1992,,20,276,13.0,0,1,1,0.5,2.0,0.4
11,4,-1,48.42428565225771,-123.36421940128632,12.9,0.0,20.1,4.9,19,291,1,0,,1,7,0,,-1,,,-1,,-1,-1,,-1,-1,-1,-1,-1,-1,0,-1,0,-1,14,272,0,0,-37.6655,144.8321,113.4,99,0,0,0,0,19,291,47,1,23.91834575101705,1992,,14,272,15.200000000000001,0,1,1,0.5,2.0,0.4
18,2,-1,48.44638990767295,-123.33505348584686,14.8,0.0,22.0,4.9,197,292,1,0,,1,3,0,,-1,,,-1,,-1,-1,,-1,-1,-1,-1,-1,-1,0,-1,0,-1,8,274,0,0,-37.6655,144.8321,113.4,109,0,0,0,0,197,292,47,1,20.66135404368933,1992,,8,274,17.1,0,1,1,0.5,2.0,0.4
20,2,-1,48.44536242251558,-123.3307641297964,16.1,0.0,21.6,8.4,430,293,1,0,,1,3,0,,-1,,,-1,,-1,-1,,-1,-1,-1,-1,-1,-1,0,-1,0,-1,6,261,0,0,-37.6655,144.8321,113.4,129,0,0,0,0,430,293,71,1,21.106889726043462,1992,,6,261,13.200000000000001,0,0,1,0.5,0.5,0.1
2,1,2,48.430594427270826,-123.3665064337492,19.2,0.0,25.3,11.2,529,294,0,0,2518.0,1,0,0,,1,,,-1,,-1,-1,,-1,-1,-1,-1,-1,-1,0,0,0,0,23,141,0,0,-37.6655,144.8321,113.4,139,0,0,0,0,529,294,127,1,24.349766557264537,1990,,23,141,14.100000000000001,0,0,1,0.5,0.5,0.1
7,1,1,48.4269418171486,-123.36473339567682,15.4,38.0,20.3,15.8,778,295,0,0,4001.0,1,1,0,,1,,,-1,,-1,-1,,-1,-1,-1,-1,-1,-1,0,-1,0,-1,27,267,0,0,-37.6655,144.8321,113.4,149,0,0,0,0,778,295,245,1,29.294005185827043,1985,,27,267,4.5,0,0,0,0.0,1.0,0.2
16,2,-1,48.44736413544855,-123.33501497105895,15.0,4.8,19.5,12.8,897,296,1,0,,1,3,0,,-1,,,-1,,-1,-1,,-1,-1,-1,-1,-1,-1,0,-1,0,-1,10,293,0,0,-37.6655,144.8321,113.4,159,0,0,0,0,897,296,281,1,13.400389751767465,1990,,10,293,6.699999999999999,0,0,0,0.0,1.0,0.2
4,1,2,48.42454918779736,-123.37022071213909,16.3,2.2,19.3,12.3,911,297,0,0,2760.0,1,2,0,,1,,,-1,,-1,-1,,-1,-1,-1,-1,-1,-1,0,0,0,0,22,296,0,0,-37.6655,144.8321,113.4,169,0,0,0,0,911,297,203,1,21.670058274281896,1990,,22,296,7.0,0,0,0,0.0,1.0,0.2
12,4,-1,48.42746341054261,-123.3599336730172,18.3,3.2,23.6,13.5,964,298,1,0,,1,11,0,,-1,,,-1,,-1,-1,,-1,-1,-1,-1,-1,-1,0,-1,0,-1,15,281,0,0,-37.6655,144.8321,113.4,179,0,0,0,0,964,298,126,1,27.34681988500044,1992,,15,281,10.100000000000001,0,0,0,0.5,1.5,0.3
14,0,-1,48.42513460734395,-123.36690708390208,16.7,0.4,21.0,14.9,1160,299,1,0,,1,6,0,,-1,,,-1,,-1,-1,,-1,-1,-1,-1,-1,-1,0,0,0,0,17,275,0,0,-37.6655,144.8321,113.4,189,0,0,0,0,1160,299,139,1,38.0837548436294,1990,,17,275,6.1,0,0,0,0.0,1.0,0.2
3,1,2,48.42167034500826,-123.36593239402556,13.8,2.6,18.7,14.2,1241,300,0,0,2517.0,1,0,0,,1,,,-1,,-1,-1,,-1,-1,-1,-1,-1,-1,0,0,0,0,24,280,0,0,-37.6655,144.8321,113.4,199,0,0,0,0,1241,300,239,1,27.434884130129795,1990,,24,280,4.5,0,0,0,0.0,1.0,0.2
